solid Sphere
  facet normal -9.653602e-003 9.801261e-002 9.951383e-001
    outer loop
      vertex 2.875961e+000 1.531621e+001 2.633677e+001
      vertex 2.875961e+000 2.045426e+001 2.583072e+001
      vertex 1.873578e+000 2.035553e+001 2.583072e+001
    endloop
  endfacet
  facet normal -2.858911e-002 9.424610e-002 9.951383e-001
    outer loop
      vertex 2.875961e+000 1.531621e+001 2.633677e+001
      vertex 1.873578e+000 2.035553e+001 2.583072e+001
      vertex 9.097152e-001 2.006315e+001 2.583072e+001
    endloop
  endfacet
  facet normal -4.642631e-002 8.685766e-002 9.951383e-001
    outer loop
      vertex 2.875961e+000 1.531621e+001 2.633677e+001
      vertex 9.097152e-001 2.006315e+001 2.583072e+001
      vertex 2.141452e-002 1.958834e+001 2.583072e+001
    endloop
  endfacet
  facet normal -6.247940e-002 7.613137e-002 9.951383e-001
    outer loop
      vertex 2.875961e+000 1.531621e+001 2.633677e+001
      vertex 2.141452e-002 1.958834e+001 2.583072e+001
      vertex -7.571881e-001 1.894936e+001 2.583072e+001
    endloop
  endfacet
  facet normal -7.613138e-002 6.247939e-002 9.951383e-001
    outer loop
      vertex 2.875961e+000 1.531621e+001 2.633677e+001
      vertex -7.571881e-001 1.894936e+001 2.583072e+001
      vertex -1.396171e+000 1.817076e+001 2.583072e+001
    endloop
  endfacet
  facet normal -8.685767e-002 4.642634e-002 9.951383e-001
    outer loop
      vertex 2.875961e+000 1.531621e+001 2.633677e+001
      vertex -1.396171e+000 1.817076e+001 2.583072e+001
      vertex -1.870977e+000 1.728245e+001 2.583072e+001
    endloop
  endfacet
  facet normal -9.424607e-002 2.858921e-002 9.951383e-001
    outer loop
      vertex 2.875961e+000 1.531621e+001 2.633677e+001
      vertex -1.870977e+000 1.728245e+001 2.583072e+001
      vertex -2.163362e+000 1.631859e+001 2.583072e+001
    endloop
  endfacet
  facet normal -9.801263e-002 9.653366e-003 9.951383e-001
    outer loop
      vertex 2.875961e+000 1.531621e+001 2.633677e+001
      vertex -2.163362e+000 1.631859e+001 2.583072e+001
      vertex -2.262088e+000 1.531621e+001 2.583072e+001
    endloop
  endfacet
  facet normal -9.801261e-002 -9.653457e-003 9.951383e-001
    outer loop
      vertex 2.875961e+000 1.531621e+001 2.633677e+001
      vertex -2.262088e+000 1.531621e+001 2.583072e+001
      vertex -2.163361e+000 1.431382e+001 2.583072e+001
    endloop
  endfacet
  facet normal -9.424605e-002 -2.858928e-002 9.951383e-001
    outer loop
      vertex 2.875961e+000 1.531621e+001 2.633677e+001
      vertex -2.163361e+000 1.431382e+001 2.583072e+001
      vertex -1.870976e+000 1.334996e+001 2.583072e+001
    endloop
  endfacet
  facet normal -8.685762e-002 -4.642641e-002 9.951383e-001
    outer loop
      vertex 2.875961e+000 1.531621e+001 2.633677e+001
      vertex -1.870976e+000 1.334996e+001 2.583072e+001
      vertex -1.396169e+000 1.246166e+001 2.583072e+001
    endloop
  endfacet
  facet normal -7.613138e-002 -6.247941e-002 9.951383e-001
    outer loop
      vertex 2.875961e+000 1.531621e+001 2.633677e+001
      vertex -1.396169e+000 1.246166e+001 2.583072e+001
      vertex -7.571859e-001 1.168306e+001 2.583072e+001
    endloop
  endfacet
  facet normal -6.247933e-002 -7.613144e-002 9.951383e-001
    outer loop
      vertex 2.875961e+000 1.531621e+001 2.633677e+001
      vertex -7.571859e-001 1.168306e+001 2.583072e+001
      vertex 2.141714e-002 1.104407e+001 2.583072e+001
    endloop
  endfacet
  facet normal -4.642635e-002 -8.685768e-002 9.951383e-001
    outer loop
      vertex 2.875961e+000 1.531621e+001 2.633677e+001
      vertex 2.141714e-002 1.104407e+001 2.583072e+001
      vertex 9.097189e-001 1.056927e+001 2.583072e+001
    endloop
  endfacet
  facet normal -2.858913e-002 -9.424608e-002 9.951383e-001
    outer loop
      vertex 2.875961e+000 1.531621e+001 2.633677e+001
      vertex 9.097189e-001 1.056927e+001 2.583072e+001
      vertex 1.873582e+000 1.027688e+001 2.583072e+001
    endloop
  endfacet
  facet normal -9.653275e-003 -9.801264e-002 9.951383e-001
    outer loop
      vertex 2.875961e+000 1.531621e+001 2.633677e+001
      vertex 1.873582e+000 1.027688e+001 2.583072e+001
      vertex 2.875966e+000 1.017816e+001 2.583072e+001
    endloop
  endfacet
  facet normal 9.653505e-003 -9.801261e-002 9.951383e-001
    outer loop
      vertex 2.875961e+000 1.531621e+001 2.633677e+001
      vertex 2.875966e+000 1.017816e+001 2.583072e+001
      vertex 3.878350e+000 1.027689e+001 2.583072e+001
    endloop
  endfacet
  facet normal 2.858927e-002 -9.424603e-002 9.951383e-001
    outer loop
      vertex 2.875961e+000 1.531621e+001 2.633677e+001
      vertex 3.878350e+000 1.027689e+001 2.583072e+001
      vertex 4.842213e+000 1.056927e+001 2.583072e+001
    endloop
  endfacet
  facet normal 4.642652e-002 -8.685759e-002 9.951383e-001
    outer loop
      vertex 2.875961e+000 1.531621e+001 2.633677e+001
      vertex 4.842213e+000 1.056927e+001 2.583072e+001
      vertex 5.730514e+000 1.104408e+001 2.583072e+001
    endloop
  endfacet
  facet normal 6.247951e-002 -7.613127e-002 9.951383e-001
    outer loop
      vertex 2.875961e+000 1.531621e+001 2.633677e+001
      vertex 5.730514e+000 1.104408e+001 2.583072e+001
      vertex 6.509115e+000 1.168306e+001 2.583072e+001
    endloop
  endfacet
  facet normal 7.613143e-002 -6.247935e-002 9.951383e-001
    outer loop
      vertex 2.875961e+000 1.531621e+001 2.633677e+001
      vertex 6.509115e+000 1.168306e+001 2.583072e+001
      vertex 7.148097e+000 1.246167e+001 2.583072e+001
    endloop
  endfacet
  facet normal 8.685774e-002 -4.642623e-002 9.951383e-001
    outer loop
      vertex 2.875961e+000 1.531621e+001 2.633677e+001
      vertex 7.148097e+000 1.246167e+001 2.583072e+001
      vertex 7.622903e+000 1.334997e+001 2.583072e+001
    endloop
  endfacet
  facet normal 9.424611e-002 -2.858908e-002 9.951383e-001
    outer loop
      vertex 2.875961e+000 1.531621e+001 2.633677e+001
      vertex 7.622903e+000 1.334997e+001 2.583072e+001
      vertex 7.915286e+000 1.431383e+001 2.583072e+001
    endloop
  endfacet
  facet normal 9.801263e-002 -9.653228e-003 9.951383e-001
    outer loop
      vertex 2.875961e+000 1.531621e+001 2.633677e+001
      vertex 7.915286e+000 1.431383e+001 2.583072e+001
      vertex 8.014010e+000 1.531622e+001 2.583072e+001
    endloop
  endfacet
  facet normal 9.801261e-002 9.653558e-003 9.951383e-001
    outer loop
      vertex 2.875961e+000 1.531621e+001 2.633677e+001
      vertex 8.014010e+000 1.531622e+001 2.583072e+001
      vertex 7.915283e+000 1.631860e+001 2.583072e+001
    endloop
  endfacet
  facet normal 9.424601e-002 2.858937e-002 9.951383e-001
    outer loop
      vertex 2.875961e+000 1.531621e+001 2.633677e+001
      vertex 7.915283e+000 1.631860e+001 2.583072e+001
      vertex 7.622896e+000 1.728246e+001 2.583072e+001
    endloop
  endfacet
  facet normal 8.685756e-002 4.642656e-002 9.951383e-001
    outer loop
      vertex 2.875961e+000 1.531621e+001 2.633677e+001
      vertex 7.622896e+000 1.728246e+001 2.583072e+001
      vertex 7.148088e+000 1.817076e+001 2.583072e+001
    endloop
  endfacet
  facet normal 7.613123e-002 6.247955e-002 9.951383e-001
    outer loop
      vertex 2.875961e+000 1.531621e+001 2.633677e+001
      vertex 7.148088e+000 1.817076e+001 2.583072e+001
      vertex 6.509104e+000 1.894936e+001 2.583072e+001
    endloop
  endfacet
  facet normal 6.247927e-002 7.613152e-002 9.951383e-001
    outer loop
      vertex 2.875961e+000 1.531621e+001 2.633677e+001
      vertex 6.509104e+000 1.894936e+001 2.583072e+001
      vertex 5.730500e+000 1.958834e+001 2.583072e+001
    endloop
  endfacet
  facet normal 4.642625e-002 8.685772e-002 9.951383e-001
    outer loop
      vertex 2.875961e+000 1.531621e+001 2.633677e+001
      vertex 5.730500e+000 1.958834e+001 2.583072e+001
      vertex 4.842198e+000 2.006315e+001 2.583072e+001
    endloop
  endfacet
  facet normal 2.858911e-002 9.424610e-002 9.951383e-001
    outer loop
      vertex 2.875961e+000 1.531621e+001 2.633677e+001
      vertex 4.842198e+000 2.006315e+001 2.583072e+001
      vertex 3.878334e+000 2.035553e+001 2.583072e+001
    endloop
  endfacet
  facet normal 9.653287e-003 9.801260e-002 9.951383e-001
    outer loop
      vertex 2.875961e+000 1.531621e+001 2.633677e+001
      vertex 3.878334e+000 2.035553e+001 2.583072e+001
      vertex 2.875961e+000 2.045426e+001 2.583072e+001
    endloop
  endfacet
  facet normal -2.857924e-002 2.901662e-001 9.565494e-001
    outer loop
      vertex 2.875961e+000 2.045426e+001 2.583072e+001
      vertex 2.875961e+000 2.539486e+001 2.433200e+001
      vertex 9.097148e-001 2.520119e+001 2.433200e+001
    endloop
  endfacet
  facet normal -2.857945e-002 2.901661e-001 9.565495e-001
    outer loop
      vertex 2.875961e+000 2.045426e+001 2.583072e+001
      vertex 9.097148e-001 2.520119e+001 2.433200e+001
      vertex 1.873578e+000 2.035553e+001 2.583072e+001
    endloop
  endfacet
  facet normal -8.463829e-002 2.790154e-001 9.565494e-001
    outer loop
      vertex 1.873578e+000 2.035553e+001 2.583072e+001
      vertex 9.097148e-001 2.520119e+001 2.433200e+001
      vertex -9.809694e-001 2.462766e+001 2.433200e+001
    endloop
  endfacet
  facet normal -8.463805e-002 2.790155e-001 9.565494e-001
    outer loop
      vertex 1.873578e+000 2.035553e+001 2.583072e+001
      vertex -9.809694e-001 2.462766e+001 2.433200e+001
      vertex 9.097152e-001 2.006315e+001 2.583072e+001
    endloop
  endfacet
  facet normal -1.374451e-001 2.571421e-001 9.565494e-001
    outer loop
      vertex 9.097152e-001 2.006315e+001 2.583072e+001
      vertex -9.809694e-001 2.462766e+001 2.433200e+001
      vertex -2.723434e+000 2.369630e+001 2.433200e+001
    endloop
  endfacet
  facet normal -1.374451e-001 2.571421e-001 9.565494e-001
    outer loop
      vertex 9.097152e-001 2.006315e+001 2.583072e+001
      vertex -2.723434e+000 2.369630e+001 2.433200e+001
      vertex 2.141452e-002 1.958834e+001 2.583072e+001
    endloop
  endfacet
  facet normal -1.849703e-001 2.253868e-001 9.565494e-001
    outer loop
      vertex 2.141452e-002 1.958834e+001 2.583072e+001
      vertex -2.723434e+000 2.369630e+001 2.433200e+001
      vertex -4.250718e+000 2.244289e+001 2.433200e+001
    endloop
  endfacet
  facet normal -1.849702e-001 2.253868e-001 9.565494e-001
    outer loop
      vertex 2.141452e-002 1.958834e+001 2.583072e+001
      vertex -4.250718e+000 2.244289e+001 2.433200e+001
      vertex -7.571881e-001 1.894936e+001 2.583072e+001
    endloop
  endfacet
  facet normal -2.253868e-001 1.849703e-001 9.565494e-001
    outer loop
      vertex -7.571881e-001 1.894936e+001 2.583072e+001
      vertex -4.250718e+000 2.244289e+001 2.433200e+001
      vertex -5.504128e+000 2.091560e+001 2.433200e+001
    endloop
  endfacet
  facet normal -2.253868e-001 1.849702e-001 9.565494e-001
    outer loop
      vertex -7.571881e-001 1.894936e+001 2.583072e+001
      vertex -5.504128e+000 2.091560e+001 2.433200e+001
      vertex -1.396171e+000 1.817076e+001 2.583072e+001
    endloop
  endfacet
  facet normal -2.571419e-001 1.374453e-001 9.565495e-001
    outer loop
      vertex -1.396171e+000 1.817076e+001 2.583072e+001
      vertex -5.504128e+000 2.091560e+001 2.433200e+001
      vertex -6.435495e+000 1.917314e+001 2.433200e+001
    endloop
  endfacet
  facet normal -2.571420e-001 1.374451e-001 9.565495e-001
    outer loop
      vertex -1.396171e+000 1.817076e+001 2.583072e+001
      vertex -6.435495e+000 1.917314e+001 2.433200e+001
      vertex -1.870977e+000 1.728245e+001 2.583072e+001
    endloop
  endfacet
  facet normal -2.790153e-001 8.463820e-002 9.565495e-001
    outer loop
      vertex -1.870977e+000 1.728245e+001 2.583072e+001
      vertex -6.435495e+000 1.917314e+001 2.433200e+001
      vertex -7.009027e+000 1.728245e+001 2.433200e+001
    endloop
  endfacet
  facet normal -2.790153e-001 8.463833e-002 9.565494e-001
    outer loop
      vertex -1.870977e+000 1.728245e+001 2.583072e+001
      vertex -7.009027e+000 1.728245e+001 2.433200e+001
      vertex -2.163362e+000 1.631859e+001 2.583072e+001
    endloop
  endfacet
  facet normal -2.901662e-001 2.857876e-002 9.565494e-001
    outer loop
      vertex -2.163362e+000 1.631859e+001 2.583072e+001
      vertex -7.009027e+000 1.728245e+001 2.433200e+001
      vertex -7.202685e+000 1.531621e+001 2.433200e+001
    endloop
  endfacet
  facet normal -2.901662e-001 2.857875e-002 9.565495e-001
    outer loop
      vertex -2.163362e+000 1.631859e+001 2.583072e+001
      vertex -7.202685e+000 1.531621e+001 2.433200e+001
      vertex -2.262088e+000 1.531621e+001 2.583072e+001
    endloop
  endfacet
  facet normal -2.901662e-001 -2.857893e-002 9.565494e-001
    outer loop
      vertex -2.262088e+000 1.531621e+001 2.583072e+001
      vertex -7.202685e+000 1.531621e+001 2.433200e+001
      vertex -7.009027e+000 1.334996e+001 2.433200e+001
    endloop
  endfacet
  facet normal -2.901661e-001 -2.857902e-002 9.565495e-001
    outer loop
      vertex -2.262088e+000 1.531621e+001 2.583072e+001
      vertex -7.009027e+000 1.334996e+001 2.433200e+001
      vertex -2.163361e+000 1.431382e+001 2.583072e+001
    endloop
  endfacet
  facet normal -2.790152e-001 -8.463863e-002 9.565495e-001
    outer loop
      vertex -2.163361e+000 1.431382e+001 2.583072e+001
      vertex -7.009027e+000 1.334996e+001 2.433200e+001
      vertex -6.435492e+000 1.145927e+001 2.433200e+001
    endloop
  endfacet
  facet normal -2.790153e-001 -8.463854e-002 9.565494e-001
    outer loop
      vertex -2.163361e+000 1.431382e+001 2.583072e+001
      vertex -6.435492e+000 1.145927e+001 2.433200e+001
      vertex -1.870976e+000 1.334996e+001 2.583072e+001
    endloop
  endfacet
  facet normal -2.571419e-001 -1.374453e-001 9.565495e-001
    outer loop
      vertex -1.870976e+000 1.334996e+001 2.583072e+001
      vertex -6.435492e+000 1.145927e+001 2.433200e+001
      vertex -5.504124e+000 9.716806e+000 2.433200e+001
    endloop
  endfacet
  facet normal -2.571419e-001 -1.374453e-001 9.565495e-001
    outer loop
      vertex -1.870976e+000 1.334996e+001 2.583072e+001
      vertex -5.504124e+000 9.716806e+000 2.433200e+001
      vertex -1.396169e+000 1.246166e+001 2.583072e+001
    endloop
  endfacet
  facet normal -2.253867e-001 -1.849703e-001 9.565495e-001
    outer loop
      vertex -1.396169e+000 1.246166e+001 2.583072e+001
      vertex -5.504124e+000 9.716806e+000 2.433200e+001
      vertex -4.250714e+000 8.189524e+000 2.433200e+001
    endloop
  endfacet
  facet normal -2.253868e-001 -1.849702e-001 9.565494e-001
    outer loop
      vertex -1.396169e+000 1.246166e+001 2.583072e+001
      vertex -4.250714e+000 8.189524e+000 2.433200e+001
      vertex -7.571859e-001 1.168306e+001 2.583072e+001
    endloop
  endfacet
  facet normal -1.849700e-001 -2.253870e-001 9.565494e-001
    outer loop
      vertex -7.571859e-001 1.168306e+001 2.583072e+001
      vertex -4.250714e+000 8.189524e+000 2.433200e+001
      vertex -2.723429e+000 6.936115e+000 2.433200e+001
    endloop
  endfacet
  facet normal -1.849700e-001 -2.253870e-001 9.565494e-001
    outer loop
      vertex -7.571859e-001 1.168306e+001 2.583072e+001
      vertex -2.723429e+000 6.936115e+000 2.433200e+001
      vertex 2.141714e-002 1.104407e+001 2.583072e+001
    endloop
  endfacet
  facet normal -1.374450e-001 -2.571421e-001 9.565494e-001
    outer loop
      vertex 2.141714e-002 1.104407e+001 2.583072e+001
      vertex -2.723429e+000 6.936115e+000 2.433200e+001
      vertex -9.809623e-001 6.004749e+000 2.433200e+001
    endloop
  endfacet
  facet normal -1.374452e-001 -2.571420e-001 9.565494e-001
    outer loop
      vertex 2.141714e-002 1.104407e+001 2.583072e+001
      vertex -9.809623e-001 6.004749e+000 2.433200e+001
      vertex 9.097189e-001 1.056927e+001 2.583072e+001
    endloop
  endfacet
  facet normal -8.463810e-002 -2.790154e-001 9.565494e-001
    outer loop
      vertex 9.097189e-001 1.056927e+001 2.583072e+001
      vertex -9.809623e-001 6.004749e+000 2.433200e+001
      vertex 9.097235e-001 5.431218e+000 2.433200e+001
    endloop
  endfacet
  facet normal -8.463795e-002 -2.790154e-001 9.565495e-001
    outer loop
      vertex 9.097189e-001 1.056927e+001 2.583072e+001
      vertex 9.097235e-001 5.431218e+000 2.433200e+001
      vertex 1.873582e+000 1.027688e+001 2.583072e+001
    endloop
  endfacet
  facet normal -2.857865e-002 -2.901662e-001 9.565495e-001
    outer loop
      vertex 1.873582e+000 1.027688e+001 2.583072e+001
      vertex 9.097235e-001 5.431218e+000 2.433200e+001
      vertex 2.875971e+000 5.237561e+000 2.433200e+001
    endloop
  endfacet
  facet normal -2.857862e-002 -2.901662e-001 9.565494e-001
    outer loop
      vertex 1.873582e+000 1.027688e+001 2.583072e+001
      vertex 2.875971e+000 5.237561e+000 2.433200e+001
      vertex 2.875966e+000 1.017816e+001 2.583072e+001
    endloop
  endfacet
  facet normal 2.857922e-002 -2.901662e-001 9.565494e-001
    outer loop
      vertex 2.875966e+000 1.017816e+001 2.583072e+001
      vertex 2.875971e+000 5.237561e+000 2.433200e+001
      vertex 4.842218e+000 5.431222e+000 2.433200e+001
    endloop
  endfacet
  facet normal 2.857917e-002 -2.901662e-001 9.565494e-001
    outer loop
      vertex 2.875966e+000 1.017816e+001 2.583072e+001
      vertex 4.842218e+000 5.431222e+000 2.433200e+001
      vertex 3.878350e+000 1.027689e+001 2.583072e+001
    endloop
  endfacet
  facet normal 8.463868e-002 -2.790152e-001 9.565494e-001
    outer loop
      vertex 3.878350e+000 1.027689e+001 2.583072e+001
      vertex 4.842218e+000 5.431222e+000 2.433200e+001
      vertex 6.732903e+000 6.004757e+000 2.433200e+001
    endloop
  endfacet
  facet normal 8.463855e-002 -2.790153e-001 9.565494e-001
    outer loop
      vertex 3.878350e+000 1.027689e+001 2.583072e+001
      vertex 6.732903e+000 6.004757e+000 2.433200e+001
      vertex 4.842213e+000 1.056927e+001 2.583072e+001
    endloop
  endfacet
  facet normal 1.374456e-001 -2.571418e-001 9.565494e-001
    outer loop
      vertex 4.842213e+000 1.056927e+001 2.583072e+001
      vertex 6.732903e+000 6.004757e+000 2.433200e+001
      vertex 8.475368e+000 6.936127e+000 2.433200e+001
    endloop
  endfacet
  facet normal 1.374457e-001 -2.571417e-001 9.565495e-001
    outer loop
      vertex 4.842213e+000 1.056927e+001 2.583072e+001
      vertex 8.475368e+000 6.936127e+000 2.433200e+001
      vertex 5.730514e+000 1.104408e+001 2.583072e+001
    endloop
  endfacet
  facet normal 1.849704e-001 -2.253866e-001 9.565494e-001
    outer loop
      vertex 5.730514e+000 1.104408e+001 2.583072e+001
      vertex 8.475368e+000 6.936127e+000 2.433200e+001
      vertex 1.000265e+001 8.189537e+000 2.433200e+001
    endloop
  endfacet
  facet normal 1.849705e-001 -2.253865e-001 9.565495e-001
    outer loop
      vertex 5.730514e+000 1.104408e+001 2.583072e+001
      vertex 1.000265e+001 8.189537e+000 2.433200e+001
      vertex 6.509115e+000 1.168306e+001 2.583072e+001
    endloop
  endfacet
  facet normal 2.253870e-001 -1.849699e-001 9.565494e-001
    outer loop
      vertex 6.509115e+000 1.168306e+001 2.583072e+001
      vertex 1.000265e+001 8.189537e+000 2.433200e+001
      vertex 1.125606e+001 9.716824e+000 2.433200e+001
    endloop
  endfacet
  facet normal 2.253870e-001 -1.849701e-001 9.565494e-001
    outer loop
      vertex 6.509115e+000 1.168306e+001 2.583072e+001
      vertex 1.125606e+001 9.716824e+000 2.433200e+001
      vertex 7.148097e+000 1.246167e+001 2.583072e+001
    endloop
  endfacet
  facet normal 2.571422e-001 -1.374449e-001 9.565494e-001
    outer loop
      vertex 7.148097e+000 1.246167e+001 2.583072e+001
      vertex 1.125606e+001 9.716824e+000 2.433200e+001
      vertex 1.218742e+001 1.145929e+001 2.433200e+001
    endloop
  endfacet
  facet normal 2.571422e-001 -1.374448e-001 9.565495e-001
    outer loop
      vertex 7.148097e+000 1.246167e+001 2.583072e+001
      vertex 1.218742e+001 1.145929e+001 2.433200e+001
      vertex 7.622903e+000 1.334997e+001 2.583072e+001
    endloop
  endfacet
  facet normal 2.790154e-001 -8.463781e-002 9.565495e-001
    outer loop
      vertex 7.622903e+000 1.334997e+001 2.583072e+001
      vertex 1.218742e+001 1.145929e+001 2.433200e+001
      vertex 1.276095e+001 1.334998e+001 2.433200e+001
    endloop
  endfacet
  facet normal 2.790155e-001 -8.463783e-002 9.565494e-001
    outer loop
      vertex 7.622903e+000 1.334997e+001 2.583072e+001
      vertex 1.276095e+001 1.334998e+001 2.433200e+001
      vertex 7.915286e+000 1.431383e+001 2.583072e+001
    endloop
  endfacet
  facet normal 2.901663e-001 -2.857847e-002 9.565494e-001
    outer loop
      vertex 7.915286e+000 1.431383e+001 2.583072e+001
      vertex 1.276095e+001 1.334998e+001 2.433200e+001
      vertex 1.295461e+001 1.531622e+001 2.433200e+001
    endloop
  endfacet
  facet normal 2.901662e-001 -2.857848e-002 9.565495e-001
    outer loop
      vertex 7.915286e+000 1.431383e+001 2.583072e+001
      vertex 1.295461e+001 1.531622e+001 2.433200e+001
      vertex 8.014010e+000 1.531622e+001 2.583072e+001
    endloop
  endfacet
  facet normal 2.901662e-001 2.857937e-002 9.565494e-001
    outer loop
      vertex 8.014010e+000 1.531622e+001 2.583072e+001
      vertex 1.295461e+001 1.531622e+001 2.433200e+001
      vertex 1.276095e+001 1.728247e+001 2.433200e+001
    endloop
  endfacet
  facet normal 2.901662e-001 2.857933e-002 9.565494e-001
    outer loop
      vertex 8.014010e+000 1.531622e+001 2.583072e+001
      vertex 1.276095e+001 1.728247e+001 2.433200e+001
      vertex 7.915283e+000 1.631860e+001 2.583072e+001
    endloop
  endfacet
  facet normal 2.790152e-001 8.463894e-002 9.565494e-001
    outer loop
      vertex 7.915283e+000 1.631860e+001 2.583072e+001
      vertex 1.276095e+001 1.728247e+001 2.433200e+001
      vertex 1.218741e+001 1.917315e+001 2.433200e+001
    endloop
  endfacet
  facet normal 2.790152e-001 8.463885e-002 9.565494e-001
    outer loop
      vertex 7.915283e+000 1.631860e+001 2.583072e+001
      vertex 1.218741e+001 1.917315e+001 2.433200e+001
      vertex 7.622896e+000 1.728246e+001 2.583072e+001
    endloop
  endfacet
  facet normal 2.571418e-001 1.374456e-001 9.565494e-001
    outer loop
      vertex 7.622896e+000 1.728246e+001 2.583072e+001
      vertex 1.218741e+001 1.917315e+001 2.433200e+001
      vertex 1.125604e+001 2.091562e+001 2.433200e+001
    endloop
  endfacet
  facet normal 2.571416e-001 1.374458e-001 9.565495e-001
    outer loop
      vertex 7.622896e+000 1.728246e+001 2.583072e+001
      vertex 1.125604e+001 2.091562e+001 2.433200e+001
      vertex 7.148088e+000 1.817076e+001 2.583072e+001
    endloop
  endfacet
  facet normal 2.253864e-001 1.849706e-001 9.565495e-001
    outer loop
      vertex 7.148088e+000 1.817076e+001 2.583072e+001
      vertex 1.125604e+001 2.091562e+001 2.433200e+001
      vertex 1.000263e+001 2.244290e+001 2.433200e+001
    endloop
  endfacet
  facet normal 2.253865e-001 1.849706e-001 9.565494e-001
    outer loop
      vertex 7.148088e+000 1.817076e+001 2.583072e+001
      vertex 1.000263e+001 2.244290e+001 2.433200e+001
      vertex 6.509104e+000 1.894936e+001 2.583072e+001
    endloop
  endfacet
  facet normal 1.849698e-001 2.253871e-001 9.565495e-001
    outer loop
      vertex 6.509104e+000 1.894936e+001 2.583072e+001
      vertex 1.000263e+001 2.244290e+001 2.433200e+001
      vertex 8.475341e+000 2.369631e+001 2.433200e+001
    endloop
  endfacet
  facet normal 1.849697e-001 2.253872e-001 9.565495e-001
    outer loop
      vertex 6.509104e+000 1.894936e+001 2.583072e+001
      vertex 8.475341e+000 2.369631e+001 2.433200e+001
      vertex 5.730500e+000 1.958834e+001 2.583072e+001
    endloop
  endfacet
  facet normal 1.374445e-001 2.571423e-001 9.565495e-001
    outer loop
      vertex 5.730500e+000 1.958834e+001 2.583072e+001
      vertex 8.475341e+000 2.369631e+001 2.433200e+001
      vertex 6.732873e+000 2.462767e+001 2.433200e+001
    endloop
  endfacet
  facet normal 1.374449e-001 2.571422e-001 9.565494e-001
    outer loop
      vertex 5.730500e+000 1.958834e+001 2.583072e+001
      vertex 6.732873e+000 2.462767e+001 2.433200e+001
      vertex 4.842198e+000 2.006315e+001 2.583072e+001
    endloop
  endfacet
  facet normal 8.463793e-002 2.790155e-001 9.565494e-001
    outer loop
      vertex 4.842198e+000 2.006315e+001 2.583072e+001
      vertex 6.732873e+000 2.462767e+001 2.433200e+001
      vertex 4.842186e+000 2.520120e+001 2.433200e+001
    endloop
  endfacet
  facet normal 8.463793e-002 2.790155e-001 9.565494e-001
    outer loop
      vertex 4.842198e+000 2.006315e+001 2.583072e+001
      vertex 4.842186e+000 2.520120e+001 2.433200e+001
      vertex 3.878334e+000 2.035553e+001 2.583072e+001
    endloop
  endfacet
  facet normal 2.857870e-002 2.901662e-001 9.565495e-001
    outer loop
      vertex 3.878334e+000 2.035553e+001 2.583072e+001
      vertex 4.842186e+000 2.520120e+001 2.433200e+001
      vertex 2.875961e+000 2.539486e+001 2.433200e+001
    endloop
  endfacet
  facet normal 2.857866e-002 2.901662e-001 9.565495e-001
    outer loop
      vertex 3.878334e+000 2.035553e+001 2.583072e+001
      vertex 2.875961e+000 2.539486e+001 2.433200e+001
      vertex 2.875961e+000 2.045426e+001 2.583072e+001
    endloop
  endfacet
  facet normal -4.637895e-002 4.708895e-001 8.809723e-001
    outer loop
      vertex 2.875961e+000 2.539486e+001 2.433200e+001
      vertex 2.875961e+000 2.994814e+001 2.189822e+001
      vertex 2.141404e-002 2.966698e+001 2.189822e+001
    endloop
  endfacet
  facet normal -4.637913e-002 4.708894e-001 8.809723e-001
    outer loop
      vertex 2.875961e+000 2.539486e+001 2.433200e+001
      vertex 2.141404e-002 2.966698e+001 2.189822e+001
      vertex 9.097148e-001 2.520119e+001 2.433200e+001
    endloop
  endfacet
  facet normal -1.373529e-001 4.527936e-001 8.809723e-001
    outer loop
      vertex 9.097148e-001 2.520119e+001 2.433200e+001
      vertex 2.141404e-002 2.966698e+001 2.189822e+001
      vertex -2.723434e+000 2.883435e+001 2.189822e+001
    endloop
  endfacet
  facet normal -1.373532e-001 4.527934e-001 8.809723e-001
    outer loop
      vertex 9.097148e-001 2.520119e+001 2.433200e+001
      vertex -2.723434e+000 2.883435e+001 2.189822e+001
      vertex -9.809694e-001 2.462766e+001 2.433200e+001
    endloop
  endfacet
  facet normal -2.230497e-001 4.172967e-001 8.809723e-001
    outer loop
      vertex -9.809694e-001 2.462766e+001 2.433200e+001
      vertex -2.723434e+000 2.883435e+001 2.189822e+001
      vertex -5.253100e+000 2.748221e+001 2.189822e+001
    endloop
  endfacet
  facet normal -2.230496e-001 4.172969e-001 8.809723e-001
    outer loop
      vertex -9.809694e-001 2.462766e+001 2.433200e+001
      vertex -5.253100e+000 2.748221e+001 2.189822e+001
      vertex -2.723434e+000 2.369630e+001 2.433200e+001
    endloop
  endfacet
  facet normal -3.001746e-001 3.657636e-001 8.809723e-001
    outer loop
      vertex -2.723434e+000 2.369630e+001 2.433200e+001
      vertex -5.253100e+000 2.748221e+001 2.189822e+001
      vertex -7.470373e+000 2.566254e+001 2.189822e+001
    endloop
  endfacet
  facet normal -3.001747e-001 3.657636e-001 8.809723e-001
    outer loop
      vertex -2.723434e+000 2.369630e+001 2.433200e+001
      vertex -7.470373e+000 2.566254e+001 2.189822e+001
      vertex -4.250718e+000 2.244289e+001 2.433200e+001
    endloop
  endfacet
  facet normal -3.657636e-001 3.001746e-001 8.809723e-001
    outer loop
      vertex -4.250718e+000 2.244289e+001 2.433200e+001
      vertex -7.470373e+000 2.566254e+001 2.189822e+001
      vertex -9.290042e+000 2.344527e+001 2.189822e+001
    endloop
  endfacet
  facet normal -3.657636e-001 3.001747e-001 8.809723e-001
    outer loop
      vertex -4.250718e+000 2.244289e+001 2.433200e+001
      vertex -9.290042e+000 2.344527e+001 2.189822e+001
      vertex -5.504128e+000 2.091560e+001 2.433200e+001
    endloop
  endfacet
  facet normal -4.172969e-001 2.230497e-001 8.809723e-001
    outer loop
      vertex -5.504128e+000 2.091560e+001 2.433200e+001
      vertex -9.290042e+000 2.344527e+001 2.189822e+001
      vertex -1.064218e+001 2.091560e+001 2.189822e+001
    endloop
  endfacet
  facet normal -4.172968e-001 2.230499e-001 8.809723e-001
    outer loop
      vertex -5.504128e+000 2.091560e+001 2.433200e+001
      vertex -1.064218e+001 2.091560e+001 2.189822e+001
      vertex -6.435495e+000 1.917314e+001 2.433200e+001
    endloop
  endfacet
  facet normal -4.527936e-001 1.373532e-001 8.809723e-001
    outer loop
      vertex -6.435495e+000 1.917314e+001 2.433200e+001
      vertex -1.064218e+001 2.091560e+001 2.189822e+001
      vertex -1.147482e+001 1.817075e+001 2.189822e+001
    endloop
  endfacet
  facet normal -4.527935e-001 1.373531e-001 8.809723e-001
    outer loop
      vertex -6.435495e+000 1.917314e+001 2.433200e+001
      vertex -1.147482e+001 1.817075e+001 2.189822e+001
      vertex -7.009027e+000 1.728245e+001 2.433200e+001
    endloop
  endfacet
  facet normal -4.708895e-001 4.637854e-002 8.809723e-001
    outer loop
      vertex -7.009027e+000 1.728245e+001 2.433200e+001
      vertex -1.147482e+001 1.817075e+001 2.189822e+001
      vertex -1.175597e+001 1.531620e+001 2.189822e+001
    endloop
  endfacet
  facet normal -4.708895e-001 4.637844e-002 8.809723e-001
    outer loop
      vertex -7.009027e+000 1.728245e+001 2.433200e+001
      vertex -1.175597e+001 1.531620e+001 2.189822e+001
      vertex -7.202685e+000 1.531621e+001 2.433200e+001
    endloop
  endfacet
  facet normal -4.708894e-001 -4.637879e-002 8.809723e-001
    outer loop
      vertex -7.202685e+000 1.531621e+001 2.433200e+001
      vertex -1.175597e+001 1.531620e+001 2.189822e+001
      vertex -1.147482e+001 1.246165e+001 2.189822e+001
    endloop
  endfacet
  facet normal -4.708895e-001 -4.637865e-002 8.809723e-001
    outer loop
      vertex -7.202685e+000 1.531621e+001 2.433200e+001
      vertex -1.147482e+001 1.246165e+001 2.189822e+001
      vertex -7.009027e+000 1.334996e+001 2.433200e+001
    endloop
  endfacet
  facet normal -4.527934e-001 -1.373536e-001 8.809723e-001
    outer loop
      vertex -7.009027e+000 1.334996e+001 2.433200e+001
      vertex -1.147482e+001 1.246165e+001 2.189822e+001
      vertex -1.064217e+001 9.716805e+000 2.189822e+001
    endloop
  endfacet
  facet normal -4.527933e-001 -1.373538e-001 8.809723e-001
    outer loop
      vertex -7.009027e+000 1.334996e+001 2.433200e+001
      vertex -1.064217e+001 9.716805e+000 2.189822e+001
      vertex -6.435492e+000 1.145927e+001 2.433200e+001
    endloop
  endfacet
  facet normal -4.172968e-001 -2.230499e-001 8.809723e-001
    outer loop
      vertex -6.435492e+000 1.145927e+001 2.433200e+001
      vertex -1.064217e+001 9.716805e+000 2.189822e+001
      vertex -9.290036e+000 7.187138e+000 2.189822e+001
    endloop
  endfacet
  facet normal -4.172968e-001 -2.230499e-001 8.809723e-001
    outer loop
      vertex -6.435492e+000 1.145927e+001 2.433200e+001
      vertex -9.290036e+000 7.187138e+000 2.189822e+001
      vertex -5.504124e+000 9.716806e+000 2.433200e+001
    endloop
  endfacet
  facet normal -3.657636e-001 -3.001748e-001 8.809723e-001
    outer loop
      vertex -5.504124e+000 9.716806e+000 2.433200e+001
      vertex -9.290036e+000 7.187138e+000 2.189822e+001
      vertex -7.470366e+000 4.969867e+000 2.189822e+001
    endloop
  endfacet
  facet normal -3.657636e-001 -3.001748e-001 8.809723e-001
    outer loop
      vertex -5.504124e+000 9.716806e+000 2.433200e+001
      vertex -7.470366e+000 4.969867e+000 2.189822e+001
      vertex -4.250714e+000 8.189524e+000 2.433200e+001
    endloop
  endfacet
  facet normal -3.001743e-001 -3.657640e-001 8.809723e-001
    outer loop
      vertex -4.250714e+000 8.189524e+000 2.433200e+001
      vertex -7.470366e+000 4.969867e+000 2.189822e+001
      vertex -5.253093e+000 3.150200e+000 2.189822e+001
    endloop
  endfacet
  facet normal -3.001743e-001 -3.657640e-001 8.809723e-001
    outer loop
      vertex -4.250714e+000 8.189524e+000 2.433200e+001
      vertex -5.253093e+000 3.150200e+000 2.189822e+001
      vertex -2.723429e+000 6.936115e+000 2.433200e+001
    endloop
  endfacet
  facet normal -2.230496e-001 -4.172970e-001 8.809723e-001
    outer loop
      vertex -2.723429e+000 6.936115e+000 2.433200e+001
      vertex -5.253093e+000 3.150200e+000 2.189822e+001
      vertex -2.723423e+000 1.798065e+000 2.189822e+001
    endloop
  endfacet
  facet normal -2.230495e-001 -4.172970e-001 8.809723e-001
    outer loop
      vertex -2.723429e+000 6.936115e+000 2.433200e+001
      vertex -2.723423e+000 1.798065e+000 2.189822e+001
      vertex -9.809623e-001 6.004749e+000 2.433200e+001
    endloop
  endfacet
  facet normal -1.373529e-001 -4.527936e-001 8.809723e-001
    outer loop
      vertex -9.809623e-001 6.004749e+000 2.433200e+001
      vertex -2.723423e+000 1.798065e+000 2.189822e+001
      vertex 2.142668e-002 9.654274e-001 2.189822e+001
    endloop
  endfacet
  facet normal -1.373529e-001 -4.527936e-001 8.809723e-001
    outer loop
      vertex -9.809623e-001 6.004749e+000 2.433200e+001
      vertex 2.142668e-002 9.654274e-001 2.189822e+001
      vertex 9.097235e-001 5.431218e+000 2.433200e+001
    endloop
  endfacet
  facet normal -4.637814e-002 -4.708895e-001 8.809723e-001
    outer loop
      vertex 9.097235e-001 5.431218e+000 2.433200e+001
      vertex 2.142668e-002 9.654274e-001 2.189822e+001
      vertex 2.875975e+000 6.842813e-001 2.189822e+001
    endloop
  endfacet
  facet normal -4.637820e-002 -4.708895e-001 8.809723e-001
    outer loop
      vertex 9.097235e-001 5.431218e+000 2.433200e+001
      vertex 2.875975e+000 6.842813e-001 2.189822e+001
      vertex 2.875971e+000 5.237561e+000 2.433200e+001
    endloop
  endfacet
  facet normal 4.637912e-002 -4.708894e-001 8.809723e-001
    outer loop
      vertex 2.875971e+000 5.237561e+000 2.433200e+001
      vertex 2.875975e+000 6.842813e-001 2.189822e+001
      vertex 5.730524e+000 9.654331e-001 2.189822e+001
    endloop
  endfacet
  facet normal 4.637911e-002 -4.708894e-001 8.809723e-001
    outer loop
      vertex 2.875971e+000 5.237561e+000 2.433200e+001
      vertex 5.730524e+000 9.654331e-001 2.189822e+001
      vertex 4.842218e+000 5.431222e+000 2.433200e+001
    endloop
  endfacet
  facet normal 1.373538e-001 -4.527934e-001 8.809723e-001
    outer loop
      vertex 4.842218e+000 5.431222e+000 2.433200e+001
      vertex 5.730524e+000 9.654331e-001 2.189822e+001
      vertex 8.475372e+000 1.798077e+000 2.189822e+001
    endloop
  endfacet
  facet normal 1.373539e-001 -4.527933e-001 8.809723e-001
    outer loop
      vertex 4.842218e+000 5.431222e+000 2.433200e+001
      vertex 8.475372e+000 1.798077e+000 2.189822e+001
      vertex 6.732903e+000 6.004757e+000 2.433200e+001
    endloop
  endfacet
  facet normal 2.230503e-001 -4.172966e-001 8.809723e-001
    outer loop
      vertex 6.732903e+000 6.004757e+000 2.433200e+001
      vertex 8.475372e+000 1.798077e+000 2.189822e+001
      vertex 1.100504e+001 3.150215e+000 2.189822e+001
    endloop
  endfacet
  facet normal 2.230503e-001 -4.172965e-001 8.809723e-001
    outer loop
      vertex 6.732903e+000 6.004757e+000 2.433200e+001
      vertex 1.100504e+001 3.150215e+000 2.189822e+001
      vertex 8.475368e+000 6.936127e+000 2.433200e+001
    endloop
  endfacet
  facet normal 3.001751e-001 -3.657633e-001 8.809723e-001
    outer loop
      vertex 8.475368e+000 6.936127e+000 2.433200e+001
      vertex 1.100504e+001 3.150215e+000 2.189822e+001
      vertex 1.322231e+001 4.969887e+000 2.189822e+001
    endloop
  endfacet
  facet normal 3.001749e-001 -3.657634e-001 8.809723e-001
    outer loop
      vertex 8.475368e+000 6.936127e+000 2.433200e+001
      vertex 1.322231e+001 4.969887e+000 2.189822e+001
      vertex 1.000265e+001 8.189537e+000 2.433200e+001
    endloop
  endfacet
  facet normal 3.657641e-001 -3.001741e-001 8.809723e-001
    outer loop
      vertex 1.000265e+001 8.189537e+000 2.433200e+001
      vertex 1.322231e+001 4.969887e+000 2.189822e+001
      vertex 1.504198e+001 7.187161e+000 2.189822e+001
    endloop
  endfacet
  facet normal 3.657641e-001 -3.001741e-001 8.809723e-001
    outer loop
      vertex 1.000265e+001 8.189537e+000 2.433200e+001
      vertex 1.504198e+001 7.187161e+000 2.189822e+001
      vertex 1.125606e+001 9.716824e+000 2.433200e+001
    endloop
  endfacet
  facet normal 4.172971e-001 -2.230493e-001 8.809723e-001
    outer loop
      vertex 1.125606e+001 9.716824e+000 2.433200e+001
      vertex 1.504198e+001 7.187161e+000 2.189822e+001
      vertex 1.639411e+001 9.716831e+000 2.189822e+001
    endloop
  endfacet
  facet normal 4.172971e-001 -2.230492e-001 8.809723e-001
    outer loop
      vertex 1.125606e+001 9.716824e+000 2.433200e+001
      vertex 1.639411e+001 9.716831e+000 2.189822e+001
      vertex 1.218742e+001 1.145929e+001 2.433200e+001
    endloop
  endfacet
  facet normal 4.527937e-001 -1.373525e-001 8.809723e-001
    outer loop
      vertex 1.218742e+001 1.145929e+001 2.433200e+001
      vertex 1.639411e+001 9.716831e+000 2.189822e+001
      vertex 1.722674e+001 1.246168e+001 2.189822e+001
    endloop
  endfacet
  facet normal 4.527937e-001 -1.373525e-001 8.809723e-001
    outer loop
      vertex 1.218742e+001 1.145929e+001 2.433200e+001
      vertex 1.722674e+001 1.246168e+001 2.189822e+001
      vertex 1.276095e+001 1.334998e+001 2.433200e+001
    endloop
  endfacet
  facet normal 4.708895e-001 -4.637800e-002 8.809723e-001
    outer loop
      vertex 1.276095e+001 1.334998e+001 2.433200e+001
      vertex 1.722674e+001 1.246168e+001 2.189822e+001
      vertex 1.750789e+001 1.531623e+001 2.189822e+001
    endloop
  endfacet
  facet normal 4.708895e-001 -4.637796e-002 8.809723e-001
    outer loop
      vertex 1.276095e+001 1.334998e+001 2.433200e+001
      vertex 1.750789e+001 1.531623e+001 2.189822e+001
      vertex 1.295461e+001 1.531622e+001 2.433200e+001
    endloop
  endfacet
  facet normal 4.708893e-001 4.637955e-002 8.809723e-001
    outer loop
      vertex 1.295461e+001 1.531622e+001 2.433200e+001
      vertex 1.750789e+001 1.531623e+001 2.189822e+001
      vertex 1.722673e+001 1.817078e+001 2.189822e+001
    endloop
  endfacet
  facet normal 4.708894e-001 4.637935e-002 8.809723e-001
    outer loop
      vertex 1.295461e+001 1.531622e+001 2.433200e+001
      vertex 1.722673e+001 1.817078e+001 2.189822e+001
      vertex 1.276095e+001 1.728247e+001 2.433200e+001
    endloop
  endfacet
  facet normal 4.527932e-001 1.373542e-001 8.809723e-001
    outer loop
      vertex 1.276095e+001 1.728247e+001 2.433200e+001
      vertex 1.722673e+001 1.817078e+001 2.189822e+001
      vertex 1.639409e+001 2.091563e+001 2.189822e+001
    endloop
  endfacet
  facet normal 4.527932e-001 1.373543e-001 8.809723e-001
    outer loop
      vertex 1.276095e+001 1.728247e+001 2.433200e+001
      vertex 1.639409e+001 2.091563e+001 2.189822e+001
      vertex 1.218741e+001 1.917315e+001 2.433200e+001
    endloop
  endfacet
  facet normal 4.172964e-001 2.230505e-001 8.809723e-001
    outer loop
      vertex 1.218741e+001 1.917315e+001 2.433200e+001
      vertex 1.639409e+001 2.091563e+001 2.189822e+001
      vertex 1.504195e+001 2.344529e+001 2.189822e+001
    endloop
  endfacet
  facet normal 4.172965e-001 2.230504e-001 8.809723e-001
    outer loop
      vertex 1.218741e+001 1.917315e+001 2.433200e+001
      vertex 1.504195e+001 2.344529e+001 2.189822e+001
      vertex 1.125604e+001 2.091562e+001 2.433200e+001
    endloop
  endfacet
  facet normal 3.657632e-001 3.001752e-001 8.809723e-001
    outer loop
      vertex 1.125604e+001 2.091562e+001 2.433200e+001
      vertex 1.504195e+001 2.344529e+001 2.189822e+001
      vertex 1.322228e+001 2.566256e+001 2.189822e+001
    endloop
  endfacet
  facet normal 3.657632e-001 3.001752e-001 8.809723e-001
    outer loop
      vertex 1.125604e+001 2.091562e+001 2.433200e+001
      vertex 1.322228e+001 2.566256e+001 2.189822e+001
      vertex 1.000263e+001 2.244290e+001 2.433200e+001
    endloop
  endfacet
  facet normal 3.001738e-001 3.657643e-001 8.809723e-001
    outer loop
      vertex 1.000263e+001 2.244290e+001 2.433200e+001
      vertex 1.322228e+001 2.566256e+001 2.189822e+001
      vertex 1.100500e+001 2.748223e+001 2.189822e+001
    endloop
  endfacet
  facet normal 3.001739e-001 3.657642e-001 8.809723e-001
    outer loop
      vertex 1.000263e+001 2.244290e+001 2.433200e+001
      vertex 1.100500e+001 2.748223e+001 2.189822e+001
      vertex 8.475341e+000 2.369631e+001 2.433200e+001
    endloop
  endfacet
  facet normal 2.230490e-001 4.172972e-001 8.809723e-001
    outer loop
      vertex 8.475341e+000 2.369631e+001 2.433200e+001
      vertex 1.100500e+001 2.748223e+001 2.189822e+001
      vertex 8.475329e+000 2.883436e+001 2.189822e+001
    endloop
  endfacet
  facet normal 2.230485e-001 4.172973e-001 8.809724e-001
    outer loop
      vertex 8.475341e+000 2.369631e+001 2.433200e+001
      vertex 8.475329e+000 2.883436e+001 2.189822e+001
      vertex 6.732873e+000 2.462767e+001 2.433200e+001
    endloop
  endfacet
  facet normal 1.373522e-001 4.527937e-001 8.809723e-001
    outer loop
      vertex 6.732873e+000 2.462767e+001 2.433200e+001
      vertex 8.475329e+000 2.883436e+001 2.189822e+001
      vertex 5.730477e+000 2.966699e+001 2.189822e+001
    endloop
  endfacet
  facet normal 1.373526e-001 4.527937e-001 8.809723e-001
    outer loop
      vertex 6.732873e+000 2.462767e+001 2.433200e+001
      vertex 5.730477e+000 2.966699e+001 2.189822e+001
      vertex 4.842186e+000 2.520120e+001 2.433200e+001
    endloop
  endfacet
  facet normal 4.637821e-002 4.708894e-001 8.809723e-001
    outer loop
      vertex 4.842186e+000 2.520120e+001 2.433200e+001
      vertex 5.730477e+000 2.966699e+001 2.189822e+001
      vertex 2.875961e+000 2.994814e+001 2.189822e+001
    endloop
  endfacet
  facet normal 4.637827e-002 4.708895e-001 8.809723e-001
    outer loop
      vertex 4.842186e+000 2.520120e+001 2.433200e+001
      vertex 2.875961e+000 2.994814e+001 2.189822e+001
      vertex 2.875961e+000 2.539486e+001 2.433200e+001
    endloop
  endfacet
  facet normal -6.236070e-002 6.331586e-001 7.715060e-001
    outer loop
      vertex 2.875961e+000 2.994814e+001 2.189822e+001
      vertex 2.875961e+000 3.393912e+001 1.862291e+001
      vertex -7.571881e-001 3.358128e+001 1.862291e+001
    endloop
  endfacet
  facet normal -6.236120e-002 6.331582e-001 7.715062e-001
    outer loop
      vertex 2.875961e+000 2.994814e+001 2.189822e+001
      vertex -7.571881e-001 3.358128e+001 1.862291e+001
      vertex 2.141404e-002 2.966698e+001 2.189822e+001
    endloop
  endfacet
  facet normal -1.846853e-001 6.088264e-001 7.715061e-001
    outer loop
      vertex 2.141404e-002 2.966698e+001 2.189822e+001
      vertex -7.571881e-001 3.358128e+001 1.862291e+001
      vertex -4.250717e+000 3.252153e+001 1.862291e+001
    endloop
  endfacet
  facet normal -1.846850e-001 6.088268e-001 7.715060e-001
    outer loop
      vertex 2.141404e-002 2.966698e+001 2.189822e+001
      vertex -4.250717e+000 3.252153e+001 1.862291e+001
      vertex -2.723434e+000 2.883435e+001 2.189822e+001
    endloop
  endfacet
  facet normal -2.999130e-001 5.610977e-001 7.715060e-001
    outer loop
      vertex -2.723434e+000 2.883435e+001 2.189822e+001
      vertex -4.250717e+000 3.252153e+001 1.862291e+001
      vertex -7.470372e+000 3.080059e+001 1.862291e+001
    endloop
  endfacet
  facet normal -2.999130e-001 5.610978e-001 7.715060e-001
    outer loop
      vertex -2.723434e+000 2.883435e+001 2.189822e+001
      vertex -7.470372e+000 3.080059e+001 1.862291e+001
      vertex -5.253100e+000 2.748221e+001 2.189822e+001
    endloop
  endfacet
  facet normal -4.036152e-001 4.918061e-001 7.715060e-001
    outer loop
      vertex -5.253100e+000 2.748221e+001 2.189822e+001
      vertex -7.470372e+000 3.080059e+001 1.862291e+001
      vertex -1.029242e+001 2.848459e+001 1.862291e+001
    endloop
  endfacet
  facet normal -4.036152e-001 4.918062e-001 7.715060e-001
    outer loop
      vertex -5.253100e+000 2.748221e+001 2.189822e+001
      vertex -1.029242e+001 2.848459e+001 1.862291e+001
      vertex -7.470373e+000 2.566254e+001 2.189822e+001
    endloop
  endfacet
  facet normal -4.918063e-001 4.036151e-001 7.715060e-001
    outer loop
      vertex -7.470373e+000 2.566254e+001 2.189822e+001
      vertex -1.029242e+001 2.848459e+001 1.862291e+001
      vertex -1.260842e+001 2.566254e+001 1.862291e+001
    endloop
  endfacet
  facet normal -4.918063e-001 4.036152e-001 7.715059e-001
    outer loop
      vertex -7.470373e+000 2.566254e+001 2.189822e+001
      vertex -1.260842e+001 2.566254e+001 1.862291e+001
      vertex -9.290042e+000 2.344527e+001 2.189822e+001
    endloop
  endfacet
  facet normal -5.610978e-001 2.999130e-001 7.715060e-001
    outer loop
      vertex -9.290042e+000 2.344527e+001 2.189822e+001
      vertex -1.260842e+001 2.566254e+001 1.862291e+001
      vertex -1.432936e+001 2.244288e+001 1.862291e+001
    endloop
  endfacet
  facet normal -5.610978e-001 2.999129e-001 7.715060e-001
    outer loop
      vertex -9.290042e+000 2.344527e+001 2.189822e+001
      vertex -1.432936e+001 2.244288e+001 1.862291e+001
      vertex -1.064218e+001 2.091560e+001 2.189822e+001
    endloop
  endfacet
  facet normal -6.088266e-001 1.846852e-001 7.715060e-001
    outer loop
      vertex -1.064218e+001 2.091560e+001 2.189822e+001
      vertex -1.432936e+001 2.244288e+001 1.862291e+001
      vertex -1.538911e+001 1.894935e+001 1.862291e+001
    endloop
  endfacet
  facet normal -6.088266e-001 1.846852e-001 7.715060e-001
    outer loop
      vertex -1.064218e+001 2.091560e+001 2.189822e+001
      vertex -1.538911e+001 1.894935e+001 1.862291e+001
      vertex -1.147482e+001 1.817075e+001 2.189822e+001
    endloop
  endfacet
  facet normal -6.331585e-001 6.236062e-002 7.715060e-001
    outer loop
      vertex -1.147482e+001 1.817075e+001 2.189822e+001
      vertex -1.538911e+001 1.894935e+001 1.862291e+001
      vertex -1.574695e+001 1.531620e+001 1.862291e+001
    endloop
  endfacet
  facet normal -6.331585e-001 6.236055e-002 7.715060e-001
    outer loop
      vertex -1.147482e+001 1.817075e+001 2.189822e+001
      vertex -1.574695e+001 1.531620e+001 1.862291e+001
      vertex -1.175597e+001 1.531620e+001 2.189822e+001
    endloop
  endfacet
  facet normal -6.331584e-001 -6.236095e-002 7.715060e-001
    outer loop
      vertex -1.175597e+001 1.531620e+001 2.189822e+001
      vertex -1.574695e+001 1.531620e+001 1.862291e+001
      vertex -1.538911e+001 1.168305e+001 1.862291e+001
    endloop
  endfacet
  facet normal -6.331584e-001 -6.236096e-002 7.715060e-001
    outer loop
      vertex -1.175597e+001 1.531620e+001 2.189822e+001
      vertex -1.538911e+001 1.168305e+001 1.862291e+001
      vertex -1.147482e+001 1.246165e+001 2.189822e+001
    endloop
  endfacet
  facet normal -6.088265e-001 -1.846859e-001 7.715060e-001
    outer loop
      vertex -1.147482e+001 1.246165e+001 2.189822e+001
      vertex -1.538911e+001 1.168305e+001 1.862291e+001
      vertex -1.432936e+001 8.189521e+000 1.862291e+001
    endloop
  endfacet
  facet normal -6.088265e-001 -1.846859e-001 7.715060e-001
    outer loop
      vertex -1.147482e+001 1.246165e+001 2.189822e+001
      vertex -1.432936e+001 8.189521e+000 1.862291e+001
      vertex -1.064217e+001 9.716805e+000 2.189822e+001
    endloop
  endfacet
  facet normal -5.610977e-001 -2.999131e-001 7.715060e-001
    outer loop
      vertex -1.064217e+001 9.716805e+000 2.189822e+001
      vertex -1.432936e+001 8.189521e+000 1.862291e+001
      vertex -1.260842e+001 4.969865e+000 1.862291e+001
    endloop
  endfacet
  facet normal -5.610977e-001 -2.999131e-001 7.715060e-001
    outer loop
      vertex -1.064217e+001 9.716805e+000 2.189822e+001
      vertex -1.260842e+001 4.969865e+000 1.862291e+001
      vertex -9.290036e+000 7.187138e+000 2.189822e+001
    endloop
  endfacet
  facet normal -4.918061e-001 -4.036153e-001 7.715060e-001
    outer loop
      vertex -9.290036e+000 7.187138e+000 2.189822e+001
      vertex -1.260842e+001 4.969865e+000 1.862291e+001
      vertex -1.029242e+001 2.147814e+000 1.862291e+001
    endloop
  endfacet
  facet normal -4.918060e-001 -4.036153e-001 7.715060e-001
    outer loop
      vertex -9.290036e+000 7.187138e+000 2.189822e+001
      vertex -1.029242e+001 2.147814e+000 1.862291e+001
      vertex -7.470366e+000 4.969867e+000 2.189822e+001
    endloop
  endfacet
  facet normal -4.036146e-001 -4.918065e-001 7.715060e-001
    outer loop
      vertex -7.470366e+000 4.969867e+000 2.189822e+001
      vertex -1.029242e+001 2.147814e+000 1.862291e+001
      vertex -7.470362e+000 -1.681833e-001 1.862291e+001
    endloop
  endfacet
  facet normal -4.036146e-001 -4.918065e-001 7.715060e-001
    outer loop
      vertex -7.470366e+000 4.969867e+000 2.189822e+001
      vertex -7.470362e+000 -1.681833e-001 1.862291e+001
      vertex -5.253093e+000 3.150200e+000 2.189822e+001
    endloop
  endfacet
  facet normal -2.999126e-001 -5.610979e-001 7.715061e-001
    outer loop
      vertex -5.253093e+000 3.150200e+000 2.189822e+001
      vertex -7.470362e+000 -1.681833e-001 1.862291e+001
      vertex -4.250704e+000 -1.889124e+000 1.862291e+001
    endloop
  endfacet
  facet normal -2.999127e-001 -5.610979e-001 7.715060e-001
    outer loop
      vertex -5.253093e+000 3.150200e+000 2.189822e+001
      vertex -4.250704e+000 -1.889124e+000 1.862291e+001
      vertex -2.723423e+000 1.798065e+000 2.189822e+001
    endloop
  endfacet
  facet normal -1.846846e-001 -6.088268e-001 7.715060e-001
    outer loop
      vertex -2.723423e+000 1.798065e+000 2.189822e+001
      vertex -4.250704e+000 -1.889124e+000 1.862291e+001
      vertex -7.571721e-001 -2.948870e+000 1.862291e+001
    endloop
  endfacet
  facet normal -1.846848e-001 -6.088268e-001 7.715060e-001
    outer loop
      vertex -2.723423e+000 1.798065e+000 2.189822e+001
      vertex -7.571721e-001 -2.948870e+000 1.862291e+001
      vertex 2.142668e-002 9.654274e-001 2.189822e+001
    endloop
  endfacet
  facet normal -6.236025e-002 -6.331586e-001 7.715060e-001
    outer loop
      vertex 2.142668e-002 9.654274e-001 2.189822e+001
      vertex -7.571721e-001 -2.948870e+000 1.862291e+001
      vertex 2.875979e+000 -3.306702e+000 1.862291e+001
    endloop
  endfacet
  facet normal -6.236013e-002 -6.331585e-001 7.715060e-001
    outer loop
      vertex 2.142668e-002 9.654274e-001 2.189822e+001
      vertex 2.875979e+000 -3.306702e+000 1.862291e+001
      vertex 2.875975e+000 6.842813e-001 2.189822e+001
    endloop
  endfacet
  facet normal 6.236131e-002 -6.331584e-001 7.715060e-001
    outer loop
      vertex 2.875975e+000 6.842813e-001 2.189822e+001
      vertex 2.875979e+000 -3.306702e+000 1.862291e+001
      vertex 6.509130e+000 -2.948864e+000 1.862291e+001
    endloop
  endfacet
  facet normal 6.236139e-002 -6.331583e-001 7.715061e-001
    outer loop
      vertex 2.875975e+000 6.842813e-001 2.189822e+001
      vertex 6.509130e+000 -2.948864e+000 1.862291e+001
      vertex 5.730524e+000 9.654331e-001 2.189822e+001
    endloop
  endfacet
  facet normal 1.846863e-001 -6.088263e-001 7.715060e-001
    outer loop
      vertex 5.730524e+000 9.654331e-001 2.189822e+001
      vertex 6.509130e+000 -2.948864e+000 1.862291e+001
      vertex 1.000266e+001 -1.889109e+000 1.862291e+001
    endloop
  endfacet
  facet normal 1.846861e-001 -6.088265e-001 7.715060e-001
    outer loop
      vertex 5.730524e+000 9.654331e-001 2.189822e+001
      vertex 1.000266e+001 -1.889109e+000 1.862291e+001
      vertex 8.475372e+000 1.798077e+000 2.189822e+001
    endloop
  endfacet
  facet normal 2.999135e-001 -5.610976e-001 7.715060e-001
    outer loop
      vertex 8.475372e+000 1.798077e+000 2.189822e+001
      vertex 1.000266e+001 -1.889109e+000 1.862291e+001
      vertex 1.322231e+001 -1.681633e-001 1.862291e+001
    endloop
  endfacet
  facet normal 2.999136e-001 -5.610974e-001 7.715060e-001
    outer loop
      vertex 8.475372e+000 1.798077e+000 2.189822e+001
      vertex 1.322231e+001 -1.681633e-001 1.862291e+001
      vertex 1.100504e+001 3.150215e+000 2.189822e+001
    endloop
  endfacet
  facet normal 4.036158e-001 -4.918056e-001 7.715060e-001
    outer loop
      vertex 1.100504e+001 3.150215e+000 2.189822e+001
      vertex 1.322231e+001 -1.681633e-001 1.862291e+001
      vertex 1.604436e+001 2.147840e+000 1.862291e+001
    endloop
  endfacet
  facet normal 4.036157e-001 -4.918058e-001 7.715060e-001
    outer loop
      vertex 1.100504e+001 3.150215e+000 2.189822e+001
      vertex 1.604436e+001 2.147840e+000 1.862291e+001
      vertex 1.322231e+001 4.969887e+000 2.189822e+001
    endloop
  endfacet
  facet normal 4.918067e-001 -4.036146e-001 7.715060e-001
    outer loop
      vertex 1.322231e+001 4.969887e+000 2.189822e+001
      vertex 1.604436e+001 2.147840e+000 1.862291e+001
      vertex 1.836036e+001 4.969894e+000 1.862291e+001
    endloop
  endfacet
  facet normal 4.918068e-001 -4.036144e-001 7.715060e-001
    outer loop
      vertex 1.322231e+001 4.969887e+000 2.189822e+001
      vertex 1.836036e+001 4.969894e+000 1.862291e+001
      vertex 1.504198e+001 7.187161e+000 2.189822e+001
    endloop
  endfacet
  facet normal 5.610982e-001 -2.999121e-001 7.715060e-001
    outer loop
      vertex 1.504198e+001 7.187161e+000 2.189822e+001
      vertex 1.836036e+001 4.969894e+000 1.862291e+001
      vertex 2.008130e+001 8.189554e+000 1.862291e+001
    endloop
  endfacet
  facet normal 5.610982e-001 -2.999124e-001 7.715060e-001
    outer loop
      vertex 1.504198e+001 7.187161e+000 2.189822e+001
      vertex 2.008130e+001 8.189554e+000 1.862291e+001
      vertex 1.639411e+001 9.716831e+000 2.189822e+001
    endloop
  endfacet
  facet normal 6.088269e-001 -1.846846e-001 7.715060e-001
    outer loop
      vertex 1.639411e+001 9.716831e+000 2.189822e+001
      vertex 2.008130e+001 8.189554e+000 1.862291e+001
      vertex 2.114104e+001 1.168309e+001 1.862291e+001
    endloop
  endfacet
  facet normal 6.088269e-001 -1.846844e-001 7.715060e-001
    outer loop
      vertex 1.639411e+001 9.716831e+000 2.189822e+001
      vertex 2.114104e+001 1.168309e+001 1.862291e+001
      vertex 1.722674e+001 1.246168e+001 2.189822e+001
    endloop
  endfacet
  facet normal 6.331586e-001 -6.235964e-002 7.715060e-001
    outer loop
      vertex 1.722674e+001 1.246168e+001 2.189822e+001
      vertex 2.114104e+001 1.168309e+001 1.862291e+001
      vertex 2.149887e+001 1.531624e+001 1.862291e+001
    endloop
  endfacet
  facet normal 6.331586e-001 -6.235991e-002 7.715059e-001
    outer loop
      vertex 1.722674e+001 1.246168e+001 2.189822e+001
      vertex 2.149887e+001 1.531624e+001 1.862291e+001
      vertex 1.750789e+001 1.531623e+001 2.189822e+001
    endloop
  endfacet
  facet normal 6.331584e-001 6.236161e-002 7.715060e-001
    outer loop
      vertex 1.750789e+001 1.531623e+001 2.189822e+001
      vertex 2.149887e+001 1.531624e+001 1.862291e+001
      vertex 2.114103e+001 1.894939e+001 1.862291e+001
    endloop
  endfacet
  facet normal 6.331582e-001 6.236200e-002 7.715061e-001
    outer loop
      vertex 1.750789e+001 1.531623e+001 2.189822e+001
      vertex 2.114103e+001 1.894939e+001 1.862291e+001
      vertex 1.722673e+001 1.817078e+001 2.189822e+001
    endloop
  endfacet
  facet normal 6.088262e-001 1.846866e-001 7.715061e-001
    outer loop
      vertex 1.722673e+001 1.817078e+001 2.189822e+001
      vertex 2.114103e+001 1.894939e+001 1.862291e+001
      vertex 2.008127e+001 2.244292e+001 1.862291e+001
    endloop
  endfacet
  facet normal 6.088262e-001 1.846866e-001 7.715061e-001
    outer loop
      vertex 1.722673e+001 1.817078e+001 2.189822e+001
      vertex 2.008127e+001 2.244292e+001 1.862291e+001
      vertex 1.639409e+001 2.091563e+001 2.189822e+001
    endloop
  endfacet
  facet normal 5.610971e-001 2.999141e-001 7.715060e-001
    outer loop
      vertex 1.639409e+001 2.091563e+001 2.189822e+001
      vertex 2.008127e+001 2.244292e+001 1.862291e+001
      vertex 1.836032e+001 2.566257e+001 1.862291e+001
    endloop
  endfacet
  facet normal 5.610973e-001 2.999139e-001 7.715060e-001
    outer loop
      vertex 1.639409e+001 2.091563e+001 2.189822e+001
      vertex 1.836032e+001 2.566257e+001 1.862291e+001
      vertex 1.504195e+001 2.344529e+001 2.189822e+001
    endloop
  endfacet
  facet normal 4.918055e-001 4.036159e-001 7.715060e-001
    outer loop
      vertex 1.504195e+001 2.344529e+001 2.189822e+001
      vertex 1.836032e+001 2.566257e+001 1.862291e+001
      vertex 1.604432e+001 2.848462e+001 1.862291e+001
    endloop
  endfacet
  facet normal 4.918057e-001 4.036159e-001 7.715060e-001
    outer loop
      vertex 1.504195e+001 2.344529e+001 2.189822e+001
      vertex 1.604432e+001 2.848462e+001 1.862291e+001
      vertex 1.322228e+001 2.566256e+001 2.189822e+001
    endloop
  endfacet
  facet normal 4.036142e-001 4.918070e-001 7.715060e-001
    outer loop
      vertex 1.322228e+001 2.566256e+001 2.189822e+001
      vertex 1.604432e+001 2.848462e+001 1.862291e+001
      vertex 1.322226e+001 3.080061e+001 1.862291e+001
    endloop
  endfacet
  facet normal 4.036140e-001 4.918071e-001 7.715060e-001
    outer loop
      vertex 1.322228e+001 2.566256e+001 2.189822e+001
      vertex 1.322226e+001 3.080061e+001 1.862291e+001
      vertex 1.100500e+001 2.748223e+001 2.189822e+001
    endloop
  endfacet
  facet normal 2.999114e-001 5.610986e-001 7.715060e-001
    outer loop
      vertex 1.100500e+001 2.748223e+001 2.189822e+001
      vertex 1.322226e+001 3.080061e+001 1.862291e+001
      vertex 1.000260e+001 3.252155e+001 1.862291e+001
    endloop
  endfacet
  facet normal 2.999121e-001 5.610986e-001 7.715057e-001
    outer loop
      vertex 1.100500e+001 2.748223e+001 2.189822e+001
      vertex 1.000260e+001 3.252155e+001 1.862291e+001
      vertex 8.475329e+000 2.883436e+001 2.189822e+001
    endloop
  endfacet
  facet normal 1.846847e-001 6.088271e-001 7.715058e-001
    outer loop
      vertex 8.475329e+000 2.883436e+001 2.189822e+001
      vertex 1.000260e+001 3.252155e+001 1.862291e+001
      vertex 6.509071e+000 3.358129e+001 1.862291e+001
    endloop
  endfacet
  facet normal 1.846839e-001 6.088270e-001 7.715060e-001
    outer loop
      vertex 8.475329e+000 2.883436e+001 2.189822e+001
      vertex 6.509071e+000 3.358129e+001 1.862291e+001
      vertex 5.730477e+000 2.966699e+001 2.189822e+001
    endloop
  endfacet
  facet normal 6.235997e-002 6.331585e-001 7.715060e-001
    outer loop
      vertex 5.730477e+000 2.966699e+001 2.189822e+001
      vertex 6.509071e+000 3.358129e+001 1.862291e+001
      vertex 2.875961e+000 3.393912e+001 1.862291e+001
    endloop
  endfacet
  facet normal 6.236020e-002 6.331586e-001 7.715060e-001
    outer loop
      vertex 5.730477e+000 2.966699e+001 2.189822e+001
      vertex 2.875961e+000 3.393912e+001 1.862291e+001
      vertex 2.875961e+000 2.994814e+001 2.189822e+001
    endloop
  endfacet
  facet normal -7.591528e-002 7.707800e-001 6.325623e-001
    outer loop
      vertex 2.875961e+000 3.393912e+001 1.862291e+001
      vertex 2.875960e+000 3.721443e+001 1.463192e+001
      vertex -1.396171e+000 3.679366e+001 1.463192e+001
    endloop
  endfacet
  facet normal -7.591520e-002 7.707800e-001 6.325623e-001
    outer loop
      vertex 2.875961e+000 3.393912e+001 1.862291e+001
      vertex -1.396171e+000 3.679366e+001 1.463192e+001
      vertex -7.571881e-001 3.358128e+001 1.862291e+001
    endloop
  endfacet
  facet normal -2.248277e-001 7.411596e-001 6.325623e-001
    outer loop
      vertex -7.571881e-001 3.358128e+001 1.862291e+001
      vertex -1.396171e+000 3.679366e+001 1.463192e+001
      vertex -5.504127e+000 3.554753e+001 1.463192e+001
    endloop
  endfacet
  facet normal -2.248280e-001 7.411593e-001 6.325625e-001
    outer loop
      vertex -7.571881e-001 3.358128e+001 1.862291e+001
      vertex -5.504127e+000 3.554753e+001 1.463192e+001
      vertex -4.250717e+000 3.252153e+001 1.862291e+001
    endloop
  endfacet
  facet normal -3.651011e-001 6.830562e-001 6.325625e-001
    outer loop
      vertex -4.250717e+000 3.252153e+001 1.862291e+001
      vertex -5.504127e+000 3.554753e+001 1.463192e+001
      vertex -9.290040e+000 3.352392e+001 1.463192e+001
    endloop
  endfacet
  facet normal -3.651012e-001 6.830562e-001 6.325625e-001
    outer loop
      vertex -4.250717e+000 3.252153e+001 1.862291e+001
      vertex -9.290040e+000 3.352392e+001 1.463192e+001
      vertex -7.470372e+000 3.080059e+001 1.862291e+001
    endloop
  endfacet
  facet normal -4.913437e-001 5.987037e-001 6.325625e-001
    outer loop
      vertex -7.470372e+000 3.080059e+001 1.862291e+001
      vertex -9.290040e+000 3.352392e+001 1.463192e+001
      vertex -1.260842e+001 3.080059e+001 1.463192e+001
    endloop
  endfacet
  facet normal -4.913437e-001 5.987036e-001 6.325625e-001
    outer loop
      vertex -7.470372e+000 3.080059e+001 1.862291e+001
      vertex -1.260842e+001 3.080059e+001 1.463192e+001
      vertex -1.029242e+001 2.848459e+001 1.862291e+001
    endloop
  endfacet
  facet normal -5.987037e-001 4.913436e-001 6.325625e-001
    outer loop
      vertex -1.029242e+001 2.848459e+001 1.862291e+001
      vertex -1.260842e+001 3.080059e+001 1.463192e+001
      vertex -1.533175e+001 2.748221e+001 1.463192e+001
    endloop
  endfacet
  facet normal -5.987037e-001 4.913436e-001 6.325625e-001
    outer loop
      vertex -1.029242e+001 2.848459e+001 1.862291e+001
      vertex -1.533175e+001 2.748221e+001 1.463192e+001
      vertex -1.260842e+001 2.566254e+001 1.862291e+001
    endloop
  endfacet
  facet normal -6.830561e-001 3.651013e-001 6.325625e-001
    outer loop
      vertex -1.260842e+001 2.566254e+001 1.862291e+001
      vertex -1.533175e+001 2.748221e+001 1.463192e+001
      vertex -1.735536e+001 2.369629e+001 1.463192e+001
    endloop
  endfacet
  facet normal -6.830562e-001 3.651010e-001 6.325626e-001
    outer loop
      vertex -1.260842e+001 2.566254e+001 1.862291e+001
      vertex -1.735536e+001 2.369629e+001 1.463192e+001
      vertex -1.432936e+001 2.244288e+001 1.862291e+001
    endloop
  endfacet
  facet normal -7.411591e-001 2.248279e-001 6.325627e-001
    outer loop
      vertex -1.432936e+001 2.244288e+001 1.862291e+001
      vertex -1.735536e+001 2.369629e+001 1.463192e+001
      vertex -1.860150e+001 1.958834e+001 1.463192e+001
    endloop
  endfacet
  facet normal -7.411591e-001 2.248278e-001 6.325627e-001
    outer loop
      vertex -1.432936e+001 2.244288e+001 1.862291e+001
      vertex -1.860150e+001 1.958834e+001 1.463192e+001
      vertex -1.538911e+001 1.894935e+001 1.862291e+001
    endloop
  endfacet
  facet normal -7.707797e-001 7.591490e-002 6.325627e-001
    outer loop
      vertex -1.538911e+001 1.894935e+001 1.862291e+001
      vertex -1.860150e+001 1.958834e+001 1.463192e+001
      vertex -1.902226e+001 1.531620e+001 1.463192e+001
    endloop
  endfacet
  facet normal -7.707798e-001 7.591514e-002 6.325625e-001
    outer loop
      vertex -1.538911e+001 1.894935e+001 1.862291e+001
      vertex -1.902226e+001 1.531620e+001 1.463192e+001
      vertex -1.574695e+001 1.531620e+001 1.862291e+001
    endloop
  endfacet
  facet normal -7.707798e-001 -7.591555e-002 6.325625e-001
    outer loop
      vertex -1.574695e+001 1.531620e+001 1.862291e+001
      vertex -1.902226e+001 1.531620e+001 1.463192e+001
      vertex -1.860149e+001 1.104407e+001 1.463192e+001
    endloop
  endfacet
  facet normal -7.707798e-001 -7.591553e-002 6.325625e-001
    outer loop
      vertex -1.574695e+001 1.531620e+001 1.862291e+001
      vertex -1.860149e+001 1.104407e+001 1.463192e+001
      vertex -1.538911e+001 1.168305e+001 1.862291e+001
    endloop
  endfacet
  facet normal -7.411591e-001 -2.248286e-001 6.325625e-001
    outer loop
      vertex -1.538911e+001 1.168305e+001 1.862291e+001
      vertex -1.860149e+001 1.104407e+001 1.463192e+001
      vertex -1.735536e+001 6.936110e+000 1.463192e+001
    endloop
  endfacet
  facet normal -7.411590e-001 -2.248287e-001 6.325626e-001
    outer loop
      vertex -1.538911e+001 1.168305e+001 1.862291e+001
      vertex -1.735536e+001 6.936110e+000 1.463192e+001
      vertex -1.432936e+001 8.189521e+000 1.862291e+001
    endloop
  endfacet
  facet normal -6.830561e-001 -3.651012e-001 6.325626e-001
    outer loop
      vertex -1.432936e+001 8.189521e+000 1.862291e+001
      vertex -1.735536e+001 6.936110e+000 1.463192e+001
      vertex -1.533174e+001 3.150195e+000 1.463192e+001
    endloop
  endfacet
  facet normal -6.830562e-001 -3.651012e-001 6.325625e-001
    outer loop
      vertex -1.432936e+001 8.189521e+000 1.862291e+001
      vertex -1.533174e+001 3.150195e+000 1.463192e+001
      vertex -1.260842e+001 4.969865e+000 1.862291e+001
    endloop
  endfacet
  facet normal -5.987036e-001 -4.913437e-001 6.325625e-001
    outer loop
      vertex -1.260842e+001 4.969865e+000 1.862291e+001
      vertex -1.533174e+001 3.150195e+000 1.463192e+001
      vertex -1.260841e+001 -1.681862e-001 1.463192e+001
    endloop
  endfacet
  facet normal -5.987034e-001 -4.913438e-001 6.325626e-001
    outer loop
      vertex -1.260842e+001 4.969865e+000 1.862291e+001
      vertex -1.260841e+001 -1.681862e-001 1.463192e+001
      vertex -1.029242e+001 2.147814e+000 1.862291e+001
    endloop
  endfacet
  facet normal -4.913430e-001 -5.987042e-001 6.325626e-001
    outer loop
      vertex -1.029242e+001 2.147814e+000 1.862291e+001
      vertex -1.260841e+001 -1.681862e-001 1.463192e+001
      vertex -9.290029e+000 -2.891510e+000 1.463192e+001
    endloop
  endfacet
  facet normal -4.913431e-001 -5.987041e-001 6.325626e-001
    outer loop
      vertex -1.029242e+001 2.147814e+000 1.862291e+001
      vertex -9.290029e+000 -2.891510e+000 1.463192e+001
      vertex -7.470362e+000 -1.681833e-001 1.862291e+001
    endloop
  endfacet
  facet normal -3.651006e-001 -6.830565e-001 6.325625e-001
    outer loop
      vertex -7.470362e+000 -1.681833e-001 1.862291e+001
      vertex -9.290029e+000 -2.891510e+000 1.463192e+001
      vertex -5.504110e+000 -4.915121e+000 1.463192e+001
    endloop
  endfacet
  facet normal -3.651008e-001 -6.830565e-001 6.325624e-001
    outer loop
      vertex -7.470362e+000 -1.681833e-001 1.862291e+001
      vertex -5.504110e+000 -4.915121e+000 1.463192e+001
      vertex -4.250704e+000 -1.889124e+000 1.862291e+001
    endloop
  endfacet
  facet normal -2.248276e-001 -7.411595e-001 6.325623e-001
    outer loop
      vertex -4.250704e+000 -1.889124e+000 1.862291e+001
      vertex -5.504110e+000 -4.915121e+000 1.463192e+001
      vertex -1.396152e+000 -6.161253e+000 1.463192e+001
    endloop
  endfacet
  facet normal -2.248271e-001 -7.411594e-001 6.325626e-001
    outer loop
      vertex -4.250704e+000 -1.889124e+000 1.862291e+001
      vertex -1.396152e+000 -6.161253e+000 1.463192e+001
      vertex -7.571721e-001 -2.948870e+000 1.862291e+001
    endloop
  endfacet
  facet normal -7.591456e-002 -7.707798e-001 6.325626e-001
    outer loop
      vertex -7.571721e-001 -2.948870e+000 1.862291e+001
      vertex -1.396152e+000 -6.161253e+000 1.463192e+001
      vertex 2.875983e+000 -6.582018e+000 1.463192e+001
    endloop
  endfacet
  facet normal -7.591472e-002 -7.707799e-001 6.325625e-001
    outer loop
      vertex -7.571721e-001 -2.948870e+000 1.862291e+001
      vertex 2.875983e+000 -6.582018e+000 1.463192e+001
      vertex 2.875979e+000 -3.306702e+000 1.862291e+001
    endloop
  endfacet
  facet normal 7.591590e-002 -7.707797e-001 6.325625e-001
    outer loop
      vertex 2.875979e+000 -3.306702e+000 1.862291e+001
      vertex 2.875983e+000 -6.582018e+000 1.463192e+001
      vertex 7.148116e+000 -6.161245e+000 1.463192e+001
    endloop
  endfacet
  facet normal 7.591593e-002 -7.707797e-001 6.325626e-001
    outer loop
      vertex 2.875979e+000 -3.306702e+000 1.862291e+001
      vertex 7.148116e+000 -6.161245e+000 1.463192e+001
      vertex 6.509130e+000 -2.948864e+000 1.862291e+001
    endloop
  endfacet
  facet normal 2.248289e-001 -7.411590e-001 6.325626e-001
    outer loop
      vertex 6.509130e+000 -2.948864e+000 1.862291e+001
      vertex 7.148116e+000 -6.161245e+000 1.463192e+001
      vertex 1.125607e+001 -4.915106e+000 1.463192e+001
    endloop
  endfacet
  facet normal 2.248291e-001 -7.411588e-001 6.325626e-001
    outer loop
      vertex 6.509130e+000 -2.948864e+000 1.862291e+001
      vertex 1.125607e+001 -4.915106e+000 1.463192e+001
      vertex 1.000266e+001 -1.889109e+000 1.862291e+001
    endloop
  endfacet
  facet normal 3.651018e-001 -6.830557e-001 6.325627e-001
    outer loop
      vertex 1.000266e+001 -1.889109e+000 1.862291e+001
      vertex 1.125607e+001 -4.915106e+000 1.463192e+001
      vertex 1.504199e+001 -2.891487e+000 1.463192e+001
    endloop
  endfacet
  facet normal 3.651017e-001 -6.830559e-001 6.325625e-001
    outer loop
      vertex 1.000266e+001 -1.889109e+000 1.862291e+001
      vertex 1.504199e+001 -2.891487e+000 1.463192e+001
      vertex 1.322231e+001 -1.681633e-001 1.862291e+001
    endloop
  endfacet
  facet normal 4.913443e-001 -5.987031e-001 6.325626e-001
    outer loop
      vertex 1.322231e+001 -1.681633e-001 1.862291e+001
      vertex 1.504199e+001 -2.891487e+000 1.463192e+001
      vertex 1.836036e+001 -1.681566e-001 1.463192e+001
    endloop
  endfacet
  facet normal 4.913444e-001 -5.987029e-001 6.325626e-001
    outer loop
      vertex 1.322231e+001 -1.681633e-001 1.862291e+001
      vertex 1.836036e+001 -1.681566e-001 1.463192e+001
      vertex 1.604436e+001 2.147840e+000 1.862291e+001
    endloop
  endfacet
  facet normal 5.987044e-001 -4.913426e-001 6.325626e-001
    outer loop
      vertex 1.604436e+001 2.147840e+000 1.862291e+001
      vertex 1.836036e+001 -1.681566e-001 1.463192e+001
      vertex 2.108369e+001 3.150230e+000 1.463192e+001
    endloop
  endfacet
  facet normal 5.987043e-001 -4.913430e-001 6.325625e-001
    outer loop
      vertex 1.604436e+001 2.147840e+000 1.862291e+001
      vertex 2.108369e+001 3.150230e+000 1.463192e+001
      vertex 1.836036e+001 4.969894e+000 1.862291e+001
    endloop
  endfacet
  facet normal 6.830568e-001 -3.651003e-001 6.325624e-001
    outer loop
      vertex 1.836036e+001 4.969894e+000 1.862291e+001
      vertex 2.108369e+001 3.150230e+000 1.463192e+001
      vertex 2.310730e+001 6.936150e+000 1.463192e+001
    endloop
  endfacet
  facet normal 6.830568e-001 -3.651001e-001 6.325625e-001
    outer loop
      vertex 1.836036e+001 4.969894e+000 1.862291e+001
      vertex 2.310730e+001 6.936150e+000 1.463192e+001
      vertex 2.008130e+001 8.189554e+000 1.862291e+001
    endloop
  endfacet
  facet normal 7.411596e-001 -2.248269e-001 6.325625e-001
    outer loop
      vertex 2.008130e+001 8.189554e+000 1.862291e+001
      vertex 2.310730e+001 6.936150e+000 1.463192e+001
      vertex 2.435342e+001 1.104411e+001 1.463192e+001
    endloop
  endfacet
  facet normal 7.411597e-001 -2.248271e-001 6.325623e-001
    outer loop
      vertex 2.008130e+001 8.189554e+000 1.862291e+001
      vertex 2.435342e+001 1.104411e+001 1.463192e+001
      vertex 2.114104e+001 1.168309e+001 1.862291e+001
    endloop
  endfacet
  facet normal 7.707800e-001 -7.591424e-002 6.325624e-001
    outer loop
      vertex 2.114104e+001 1.168309e+001 1.862291e+001
      vertex 2.435342e+001 1.104411e+001 1.463192e+001
      vertex 2.477419e+001 1.531624e+001 1.463192e+001
    endloop
  endfacet
  facet normal 7.707800e-001 -7.591393e-002 6.325625e-001
    outer loop
      vertex 2.114104e+001 1.168309e+001 1.862291e+001
      vertex 2.477419e+001 1.531624e+001 1.463192e+001
      vertex 2.149887e+001 1.531624e+001 1.862291e+001
    endloop
  endfacet
  facet normal 7.707797e-001 7.591661e-002 6.325625e-001
    outer loop
      vertex 2.149887e+001 1.531624e+001 1.862291e+001
      vertex 2.477419e+001 1.531624e+001 1.463192e+001
      vertex 2.435341e+001 1.958838e+001 1.463192e+001
    endloop
  endfacet
  facet normal 7.707798e-001 7.591634e-002 6.325623e-001
    outer loop
      vertex 2.149887e+001 1.531624e+001 1.862291e+001
      vertex 2.435341e+001 1.958838e+001 1.463192e+001
      vertex 2.114103e+001 1.894939e+001 1.862291e+001
    endloop
  endfacet
  facet normal 7.411590e-001 2.248293e-001 6.325623e-001
    outer loop
      vertex 2.114103e+001 1.894939e+001 1.862291e+001
      vertex 2.435341e+001 1.958838e+001 1.463192e+001
      vertex 2.310727e+001 2.369633e+001 1.463192e+001
    endloop
  endfacet
  facet normal 7.411588e-001 2.248295e-001 6.325625e-001
    outer loop
      vertex 2.114103e+001 1.894939e+001 1.862291e+001
      vertex 2.310727e+001 2.369633e+001 1.463192e+001
      vertex 2.008127e+001 2.244292e+001 1.862291e+001
    endloop
  endfacet
  facet normal 6.830556e-001 3.651022e-001 6.325625e-001
    outer loop
      vertex 2.008127e+001 2.244292e+001 1.862291e+001
      vertex 2.310727e+001 2.369633e+001 1.463192e+001
      vertex 2.108365e+001 2.748224e+001 1.463192e+001
    endloop
  endfacet
  facet normal 6.830553e-001 3.651024e-001 6.325627e-001
    outer loop
      vertex 2.008127e+001 2.244292e+001 1.862291e+001
      vertex 2.108365e+001 2.748224e+001 1.463192e+001
      vertex 1.836032e+001 2.566257e+001 1.862291e+001
    endloop
  endfacet
  facet normal 5.987027e-001 4.913447e-001 6.325626e-001
    outer loop
      vertex 1.836032e+001 2.566257e+001 1.862291e+001
      vertex 2.108365e+001 2.748224e+001 1.463192e+001
      vertex 1.836032e+001 3.080062e+001 1.463192e+001
    endloop
  endfacet
  facet normal 5.987028e-001 4.913446e-001 6.325625e-001
    outer loop
      vertex 1.836032e+001 2.566257e+001 1.862291e+001
      vertex 1.836032e+001 3.080062e+001 1.463192e+001
      vertex 1.604432e+001 2.848462e+001 1.862291e+001
    endloop
  endfacet
  facet normal 4.913424e-001 5.987048e-001 6.325625e-001
    outer loop
      vertex 1.604432e+001 2.848462e+001 1.862291e+001
      vertex 1.836032e+001 3.080062e+001 1.463192e+001
      vertex 1.504193e+001 3.352394e+001 1.463192e+001
    endloop
  endfacet
  facet normal 4.913426e-001 5.987047e-001 6.325624e-001
    outer loop
      vertex 1.604432e+001 2.848462e+001 1.862291e+001
      vertex 1.504193e+001 3.352394e+001 1.463192e+001
      vertex 1.322226e+001 3.080061e+001 1.862291e+001
    endloop
  endfacet
  facet normal 3.650997e-001 6.830572e-001 6.325623e-001
    outer loop
      vertex 1.322226e+001 3.080061e+001 1.862291e+001
      vertex 1.504193e+001 3.352394e+001 1.463192e+001
      vertex 1.125601e+001 3.554755e+001 1.463192e+001
    endloop
  endfacet
  facet normal 3.650991e-001 6.830572e-001 6.325626e-001
    outer loop
      vertex 1.322226e+001 3.080061e+001 1.862291e+001
      vertex 1.125601e+001 3.554755e+001 1.463192e+001
      vertex 1.000260e+001 3.252155e+001 1.862291e+001
    endloop
  endfacet
  facet normal 2.248268e-001 7.411595e-001 6.325626e-001
    outer loop
      vertex 1.000260e+001 3.252155e+001 1.862291e+001
      vertex 1.125601e+001 3.554755e+001 1.463192e+001
      vertex 7.148046e+000 3.679367e+001 1.463192e+001
    endloop
  endfacet
  facet normal 2.248270e-001 7.411596e-001 6.325625e-001
    outer loop
      vertex 1.000260e+001 3.252155e+001 1.862291e+001
      vertex 7.148046e+000 3.679367e+001 1.463192e+001
      vertex 6.509071e+000 3.358129e+001 1.862291e+001
    endloop
  endfacet
  facet normal 7.591405e-002 7.707799e-001 6.325626e-001
    outer loop
      vertex 6.509071e+000 3.358129e+001 1.862291e+001
      vertex 7.148046e+000 3.679367e+001 1.463192e+001
      vertex 2.875960e+000 3.721443e+001 1.463192e+001
    endloop
  endfacet
  facet normal 7.591437e-002 7.707800e-001 6.325624e-001
    outer loop
      vertex 6.509071e+000 3.358129e+001 1.862291e+001
      vertex 2.875960e+000 3.721443e+001 1.463192e+001
      vertex 2.875961e+000 3.393912e+001 1.862291e+001
    endloop
  endfacet
  facet normal -8.653526e-002 8.786131e-001 4.696282e-001
    outer loop
      vertex 2.875960e+000 3.721443e+001 1.463192e+001
      vertex 2.875960e+000 3.964821e+001 1.007865e+001
      vertex -1.870977e+000 3.918068e+001 1.007865e+001
    endloop
  endfacet
  facet normal -8.653592e-002 8.786128e-001 4.696288e-001
    outer loop
      vertex 2.875960e+000 3.721443e+001 1.463192e+001
      vertex -1.870977e+000 3.918068e+001 1.007865e+001
      vertex -1.396171e+000 3.679366e+001 1.463192e+001
    endloop
  endfacet
  facet normal -2.562822e-001 8.448481e-001 4.696287e-001
    outer loop
      vertex -1.396171e+000 3.679366e+001 1.463192e+001
      vertex -1.870977e+000 3.918068e+001 1.007865e+001
      vertex -6.435493e+000 3.779605e+001 1.007865e+001
    endloop
  endfacet
  facet normal -2.562814e-001 8.448487e-001 4.696281e-001
    outer loop
      vertex -1.396171e+000 3.679366e+001 1.463192e+001
      vertex -6.435493e+000 3.779605e+001 1.007865e+001
      vertex -5.504127e+000 3.554753e+001 1.463192e+001
    endloop
  endfacet
  facet normal -4.161791e-001 7.786170e-001 4.696281e-001
    outer loop
      vertex -5.504127e+000 3.554753e+001 1.463192e+001
      vertex -6.435493e+000 3.779605e+001 1.007865e+001
      vertex -1.064217e+001 3.554753e+001 1.007865e+001
    endloop
  endfacet
  facet normal -4.161793e-001 7.786167e-001 4.696284e-001
    outer loop
      vertex -5.504127e+000 3.554753e+001 1.463192e+001
      vertex -1.064217e+001 3.554753e+001 1.007865e+001
      vertex -9.290040e+000 3.352392e+001 1.463192e+001
    endloop
  endfacet
  facet normal -5.600835e-001 6.824629e-001 4.696284e-001
    outer loop
      vertex -9.290040e+000 3.352392e+001 1.463192e+001
      vertex -1.064217e+001 3.554753e+001 1.007865e+001
      vertex -1.432936e+001 3.252153e+001 1.007865e+001
    endloop
  endfacet
  facet normal -5.600834e-001 6.824632e-001 4.696282e-001
    outer loop
      vertex -9.290040e+000 3.352392e+001 1.463192e+001
      vertex -1.432936e+001 3.252153e+001 1.007865e+001
      vertex -1.260842e+001 3.080059e+001 1.463192e+001
    endloop
  endfacet
  facet normal -6.824632e-001 5.600833e-001 4.696282e-001
    outer loop
      vertex -1.260842e+001 3.080059e+001 1.463192e+001
      vertex -1.432936e+001 3.252153e+001 1.007865e+001
      vertex -1.735536e+001 2.883434e+001 1.007865e+001
    endloop
  endfacet
  facet normal -6.824632e-001 5.600833e-001 4.696282e-001
    outer loop
      vertex -1.260842e+001 3.080059e+001 1.463192e+001
      vertex -1.735536e+001 2.883434e+001 1.007865e+001
      vertex -1.533175e+001 2.748221e+001 1.463192e+001
    endloop
  endfacet
  facet normal -7.786168e-001 4.161794e-001 4.696282e-001
    outer loop
      vertex -1.533175e+001 2.748221e+001 1.463192e+001
      vertex -1.735536e+001 2.883434e+001 1.007865e+001
      vertex -1.960388e+001 2.462766e+001 1.007865e+001
    endloop
  endfacet
  facet normal -7.786168e-001 4.161795e-001 4.696281e-001
    outer loop
      vertex -1.533175e+001 2.748221e+001 1.463192e+001
      vertex -1.960388e+001 2.462766e+001 1.007865e+001
      vertex -1.735536e+001 2.369629e+001 1.463192e+001
    endloop
  endfacet
  facet normal -8.448486e-001 2.562818e-001 4.696281e-001
    outer loop
      vertex -1.735536e+001 2.369629e+001 1.463192e+001
      vertex -1.960388e+001 2.462766e+001 1.007865e+001
      vertex -2.098851e+001 2.006314e+001 1.007865e+001
    endloop
  endfacet
  facet normal -8.448486e-001 2.562817e-001 4.696282e-001
    outer loop
      vertex -1.735536e+001 2.369629e+001 1.463192e+001
      vertex -2.098851e+001 2.006314e+001 1.007865e+001
      vertex -1.860150e+001 1.958834e+001 1.463192e+001
    endloop
  endfacet
  facet normal -8.786131e-001 8.653555e-002 4.696282e-001
    outer loop
      vertex -1.860150e+001 1.958834e+001 1.463192e+001
      vertex -2.098851e+001 2.006314e+001 1.007865e+001
      vertex -2.145604e+001 1.531620e+001 1.007865e+001
    endloop
  endfacet
  facet normal -8.786131e-001 8.653550e-002 4.696282e-001
    outer loop
      vertex -1.860150e+001 1.958834e+001 1.463192e+001
      vertex -2.145604e+001 1.531620e+001 1.007865e+001
      vertex -1.902226e+001 1.531620e+001 1.463192e+001
    endloop
  endfacet
  facet normal -8.786131e-001 -8.653624e-002 4.696282e-001
    outer loop
      vertex -1.902226e+001 1.531620e+001 1.463192e+001
      vertex -2.145604e+001 1.531620e+001 1.007865e+001
      vertex -2.098851e+001 1.056926e+001 1.007865e+001
    endloop
  endfacet
  facet normal -8.786130e-001 -8.653628e-002 4.696282e-001
    outer loop
      vertex -1.902226e+001 1.531620e+001 1.463192e+001
      vertex -2.098851e+001 1.056926e+001 1.007865e+001
      vertex -1.860149e+001 1.104407e+001 1.463192e+001
    endloop
  endfacet
  facet normal -8.448483e-001 -2.562824e-001 4.696282e-001
    outer loop
      vertex -1.860149e+001 1.104407e+001 1.463192e+001
      vertex -2.098851e+001 1.056926e+001 1.007865e+001
      vertex -1.960387e+001 6.004743e+000 1.007865e+001
    endloop
  endfacet
  facet normal -8.448483e-001 -2.562824e-001 4.696282e-001
    outer loop
      vertex -1.860149e+001 1.104407e+001 1.463192e+001
      vertex -1.960387e+001 6.004743e+000 1.007865e+001
      vertex -1.735536e+001 6.936110e+000 1.463192e+001
    endloop
  endfacet
  facet normal -7.786167e-001 -4.161795e-001 4.696282e-001
    outer loop
      vertex -1.735536e+001 6.936110e+000 1.463192e+001
      vertex -1.960387e+001 6.004743e+000 1.007865e+001
      vertex -1.735535e+001 1.798059e+000 1.007865e+001
    endloop
  endfacet
  facet normal -7.786167e-001 -4.161795e-001 4.696282e-001
    outer loop
      vertex -1.735536e+001 6.936110e+000 1.463192e+001
      vertex -1.735535e+001 1.798059e+000 1.007865e+001
      vertex -1.533174e+001 3.150195e+000 1.463192e+001
    endloop
  endfacet
  facet normal -6.824629e-001 -5.600837e-001 4.696283e-001
    outer loop
      vertex -1.533174e+001 3.150195e+000 1.463192e+001
      vertex -1.735535e+001 1.798059e+000 1.007865e+001
      vertex -1.432935e+001 -1.889128e+000 1.007865e+001
    endloop
  endfacet
  facet normal -6.824632e-001 -5.600835e-001 4.696281e-001
    outer loop
      vertex -1.533174e+001 3.150195e+000 1.463192e+001
      vertex -1.432935e+001 -1.889128e+000 1.007865e+001
      vertex -1.260841e+001 -1.681862e-001 1.463192e+001
    endloop
  endfacet
  facet normal -5.600828e-001 -6.824637e-001 4.696281e-001
    outer loop
      vertex -1.260841e+001 -1.681862e-001 1.463192e+001
      vertex -1.432935e+001 -1.889128e+000 1.007865e+001
      vertex -1.064216e+001 -4.915123e+000 1.007865e+001
    endloop
  endfacet
  facet normal -5.600826e-001 -6.824638e-001 4.696282e-001
    outer loop
      vertex -1.260841e+001 -1.681862e-001 1.463192e+001
      vertex -1.064216e+001 -4.915123e+000 1.007865e+001
      vertex -9.290029e+000 -2.891510e+000 1.463192e+001
    endloop
  endfacet
  facet normal -4.161787e-001 -7.786171e-001 4.696282e-001
    outer loop
      vertex -9.290029e+000 -2.891510e+000 1.463192e+001
      vertex -1.064216e+001 -4.915123e+000 1.007865e+001
      vertex -6.435474e+000 -7.163639e+000 1.007865e+001
    endloop
  endfacet
  facet normal -4.161786e-001 -7.786171e-001 4.696282e-001
    outer loop
      vertex -9.290029e+000 -2.891510e+000 1.463192e+001
      vertex -6.435474e+000 -7.163639e+000 1.007865e+001
      vertex -5.504110e+000 -4.915121e+000 1.463192e+001
    endloop
  endfacet
  facet normal -2.562810e-001 -8.448487e-001 4.696283e-001
    outer loop
      vertex -5.504110e+000 -4.915121e+000 1.463192e+001
      vertex -6.435474e+000 -7.163639e+000 1.007865e+001
      vertex -1.870956e+000 -8.548265e+000 1.007865e+001
    endloop
  endfacet
  facet normal -2.562813e-001 -8.448487e-001 4.696282e-001
    outer loop
      vertex -5.504110e+000 -4.915121e+000 1.463192e+001
      vertex -1.870956e+000 -8.548265e+000 1.007865e+001
      vertex -1.396152e+000 -6.161253e+000 1.463192e+001
    endloop
  endfacet
  facet normal -8.653520e-002 -8.786132e-001 4.696281e-001
    outer loop
      vertex -1.396152e+000 -6.161253e+000 1.463192e+001
      vertex -1.870956e+000 -8.548265e+000 1.007865e+001
      vertex 2.875985e+000 -9.015795e+000 1.007865e+001
    endloop
  endfacet
  facet normal -8.653511e-002 -8.786132e-001 4.696282e-001
    outer loop
      vertex -1.396152e+000 -6.161253e+000 1.463192e+001
      vertex 2.875985e+000 -9.015795e+000 1.007865e+001
      vertex 2.875983e+000 -6.582018e+000 1.463192e+001
    endloop
  endfacet
  facet normal 8.653660e-002 -8.786130e-001 4.696282e-001
    outer loop
      vertex 2.875983e+000 -6.582018e+000 1.463192e+001
      vertex 2.875985e+000 -9.015795e+000 1.007865e+001
      vertex 7.622925e+000 -8.548258e+000 1.007865e+001
    endloop
  endfacet
  facet normal 8.653668e-002 -8.786129e-001 4.696282e-001
    outer loop
      vertex 2.875983e+000 -6.582018e+000 1.463192e+001
      vertex 7.622925e+000 -8.548258e+000 1.007865e+001
      vertex 7.148116e+000 -6.161245e+000 1.463192e+001
    endloop
  endfacet
  facet normal 2.562831e-001 -8.448481e-001 4.696282e-001
    outer loop
      vertex 7.148116e+000 -6.161245e+000 1.463192e+001
      vertex 7.622925e+000 -8.548258e+000 1.007865e+001
      vertex 1.218744e+001 -7.163620e+000 1.007865e+001
    endloop
  endfacet
  facet normal 2.562829e-001 -8.448483e-001 4.696280e-001
    outer loop
      vertex 7.148116e+000 -6.161245e+000 1.463192e+001
      vertex 1.218744e+001 -7.163620e+000 1.007865e+001
      vertex 1.125607e+001 -4.915106e+000 1.463192e+001
    endloop
  endfacet
  facet normal 4.161802e-001 -7.786165e-001 4.696280e-001
    outer loop
      vertex 1.125607e+001 -4.915106e+000 1.463192e+001
      vertex 1.218744e+001 -7.163620e+000 1.007865e+001
      vertex 1.639412e+001 -4.915096e+000 1.007865e+001
    endloop
  endfacet
  facet normal 4.161802e-001 -7.786164e-001 4.696281e-001
    outer loop
      vertex 1.125607e+001 -4.915106e+000 1.463192e+001
      vertex 1.639412e+001 -4.915096e+000 1.007865e+001
      vertex 1.504199e+001 -2.891487e+000 1.463192e+001
    endloop
  endfacet
  facet normal 5.600843e-001 -6.824625e-001 4.696281e-001
    outer loop
      vertex 1.504199e+001 -2.891487e+000 1.463192e+001
      vertex 1.639412e+001 -4.915096e+000 1.007865e+001
      vertex 2.008131e+001 -1.889093e+000 1.007865e+001
    endloop
  endfacet
  facet normal 5.600842e-001 -6.824626e-001 4.696280e-001
    outer loop
      vertex 1.504199e+001 -2.891487e+000 1.463192e+001
      vertex 2.008131e+001 -1.889093e+000 1.007865e+001
      vertex 1.836036e+001 -1.681566e-001 1.463192e+001
    endloop
  endfacet
  facet normal 6.824641e-001 -5.600824e-001 4.696280e-001
    outer loop
      vertex 1.836036e+001 -1.681566e-001 1.463192e+001
      vertex 2.008131e+001 -1.889093e+000 1.007865e+001
      vertex 2.310730e+001 1.798099e+000 1.007865e+001
    endloop
  endfacet
  facet normal 6.824641e-001 -5.600822e-001 4.696282e-001
    outer loop
      vertex 1.836036e+001 -1.681566e-001 1.463192e+001
      vertex 2.310730e+001 1.798099e+000 1.007865e+001
      vertex 2.108369e+001 3.150230e+000 1.463192e+001
    endloop
  endfacet
  facet normal 7.786174e-001 -4.161783e-001 4.696282e-001
    outer loop
      vertex 2.108369e+001 3.150230e+000 1.463192e+001
      vertex 2.310730e+001 1.798099e+000 1.007865e+001
      vertex 2.535581e+001 6.004786e+000 1.007865e+001
    endloop
  endfacet
  facet normal 7.786174e-001 -4.161783e-001 4.696282e-001
    outer loop
      vertex 2.108369e+001 3.150230e+000 1.463192e+001
      vertex 2.535581e+001 6.004786e+000 1.007865e+001
      vertex 2.310730e+001 6.936150e+000 1.463192e+001
    endloop
  endfacet
  facet normal 8.448488e-001 -2.562807e-001 4.696282e-001
    outer loop
      vertex 2.310730e+001 6.936150e+000 1.463192e+001
      vertex 2.535581e+001 6.004786e+000 1.007865e+001
      vertex 2.674044e+001 1.056931e+001 1.007865e+001
    endloop
  endfacet
  facet normal 8.448488e-001 -2.562805e-001 4.696284e-001
    outer loop
      vertex 2.310730e+001 6.936150e+000 1.463192e+001
      vertex 2.674044e+001 1.056931e+001 1.007865e+001
      vertex 2.435342e+001 1.104411e+001 1.463192e+001
    endloop
  endfacet
  facet normal 8.786131e-001 -8.653450e-002 4.696283e-001
    outer loop
      vertex 2.435342e+001 1.104411e+001 1.463192e+001
      vertex 2.674044e+001 1.056931e+001 1.007865e+001
      vertex 2.720796e+001 1.531625e+001 1.007865e+001
    endloop
  endfacet
  facet normal 8.786132e-001 -8.653472e-002 4.696282e-001
    outer loop
      vertex 2.435342e+001 1.104411e+001 1.463192e+001
      vertex 2.720796e+001 1.531625e+001 1.007865e+001
      vertex 2.477419e+001 1.531624e+001 1.463192e+001
    endloop
  endfacet
  facet normal 8.786129e-001 8.653729e-002 4.696282e-001
    outer loop
      vertex 2.477419e+001 1.531624e+001 1.463192e+001
      vertex 2.720796e+001 1.531625e+001 1.007865e+001
      vertex 2.674042e+001 2.006319e+001 1.007865e+001
    endloop
  endfacet
  facet normal 8.786128e-001 8.653748e-002 4.696283e-001
    outer loop
      vertex 2.477419e+001 1.531624e+001 1.463192e+001
      vertex 2.674042e+001 2.006319e+001 1.007865e+001
      vertex 2.435341e+001 1.958838e+001 1.463192e+001
    endloop
  endfacet
  facet normal 8.448479e-001 2.562836e-001 4.696284e-001
    outer loop
      vertex 2.435341e+001 1.958838e+001 1.463192e+001
      vertex 2.674042e+001 2.006319e+001 1.007865e+001
      vertex 2.535578e+001 2.462770e+001 1.007865e+001
    endloop
  endfacet
  facet normal 8.448482e-001 2.562832e-001 4.696280e-001
    outer loop
      vertex 2.435341e+001 1.958838e+001 1.463192e+001
      vertex 2.535578e+001 2.462770e+001 1.007865e+001
      vertex 2.310727e+001 2.369633e+001 1.463192e+001
    endloop
  endfacet
  facet normal 7.786162e-001 4.161806e-001 4.696280e-001
    outer loop
      vertex 2.310727e+001 2.369633e+001 1.463192e+001
      vertex 2.535578e+001 2.462770e+001 1.007865e+001
      vertex 2.310726e+001 2.883438e+001 1.007865e+001
    endloop
  endfacet
  facet normal 7.786161e-001 4.161806e-001 4.696281e-001
    outer loop
      vertex 2.310727e+001 2.369633e+001 1.463192e+001
      vertex 2.310726e+001 2.883438e+001 1.007865e+001
      vertex 2.108365e+001 2.748224e+001 1.463192e+001
    endloop
  endfacet
  facet normal 6.824621e-001 5.600848e-001 4.696281e-001
    outer loop
      vertex 2.108365e+001 2.748224e+001 1.463192e+001
      vertex 2.310726e+001 2.883438e+001 1.007865e+001
      vertex 2.008125e+001 3.252156e+001 1.007865e+001
    endloop
  endfacet
  facet normal 6.824622e-001 5.600847e-001 4.696281e-001
    outer loop
      vertex 2.108365e+001 2.748224e+001 1.463192e+001
      vertex 2.008125e+001 3.252156e+001 1.007865e+001
      vertex 1.836032e+001 3.080062e+001 1.463192e+001
    endloop
  endfacet
  facet normal 5.600819e-001 6.824644e-001 4.696281e-001
    outer loop
      vertex 1.836032e+001 3.080062e+001 1.463192e+001
      vertex 2.008125e+001 3.252156e+001 1.007865e+001
      vertex 1.639406e+001 3.554755e+001 1.007865e+001
    endloop
  endfacet
  facet normal 5.600819e-001 6.824644e-001 4.696282e-001
    outer loop
      vertex 1.836032e+001 3.080062e+001 1.463192e+001
      vertex 1.639406e+001 3.554755e+001 1.007865e+001
      vertex 1.504193e+001 3.352394e+001 1.463192e+001
    endloop
  endfacet
  facet normal 4.161779e-001 7.786176e-001 4.696281e-001
    outer loop
      vertex 1.504193e+001 3.352394e+001 1.463192e+001
      vertex 1.639406e+001 3.554755e+001 1.007865e+001
      vertex 1.218737e+001 3.779607e+001 1.007865e+001
    endloop
  endfacet
  facet normal 4.161775e-001 7.786176e-001 4.696285e-001
    outer loop
      vertex 1.504193e+001 3.352394e+001 1.463192e+001
      vertex 1.218737e+001 3.779607e+001 1.007865e+001
      vertex 1.125601e+001 3.554755e+001 1.463192e+001
    endloop
  endfacet
  facet normal 2.562799e-001 8.448489e-001 4.696284e-001
    outer loop
      vertex 1.125601e+001 3.554755e+001 1.463192e+001
      vertex 1.218737e+001 3.779607e+001 1.007865e+001
      vertex 7.622848e+000 3.918069e+001 1.007865e+001
    endloop
  endfacet
  facet normal 2.562805e-001 8.448490e-001 4.696280e-001
    outer loop
      vertex 1.125601e+001 3.554755e+001 1.463192e+001
      vertex 7.622848e+000 3.918069e+001 1.007865e+001
      vertex 7.148046e+000 3.679367e+001 1.463192e+001
    endloop
  endfacet
  facet normal 8.653475e-002 8.786132e-001 4.696281e-001
    outer loop
      vertex 7.148046e+000 3.679367e+001 1.463192e+001
      vertex 7.622848e+000 3.918069e+001 1.007865e+001
      vertex 2.875960e+000 3.964821e+001 1.007865e+001
    endloop
  endfacet
  facet normal 8.653452e-002 8.786132e-001 4.696282e-001
    outer loop
      vertex 7.148046e+000 3.679367e+001 1.463192e+001
      vertex 2.875960e+000 3.964821e+001 1.007865e+001
      vertex 2.875960e+000 3.721443e+001 1.463192e+001
    endloop
  endfacet
  facet normal -9.383459e-002 9.527178e-001 2.890048e-001
    outer loop
      vertex 2.875960e+000 3.964821e+001 1.007865e+001
      vertex 2.875960e+000 4.114693e+001 5.138050e+000
      vertex -2.163362e+000 4.065060e+001 5.138050e+000
    endloop
  endfacet
  facet normal -9.383389e-002 9.527181e-001 2.890041e-001
    outer loop
      vertex 2.875960e+000 3.964821e+001 1.007865e+001
      vertex -2.163362e+000 4.065060e+001 5.138050e+000
      vertex -1.870977e+000 3.918068e+001 1.007865e+001
    endloop
  endfacet
  facet normal -2.778978e-001 9.161056e-001 2.890041e-001
    outer loop
      vertex -1.870977e+000 3.918068e+001 1.007865e+001
      vertex -2.163362e+000 4.065060e+001 5.138050e+000
      vertex -7.009026e+000 3.918068e+001 5.138050e+000
    endloop
  endfacet
  facet normal -2.778979e-001 9.161056e-001 2.890042e-001
    outer loop
      vertex -1.870977e+000 3.918068e+001 1.007865e+001
      vertex -7.009026e+000 3.918068e+001 5.138050e+000
      vertex -6.435493e+000 3.779605e+001 1.007865e+001
    endloop
  endfacet
  facet normal -4.512815e-001 8.442876e-001 2.890041e-001
    outer loop
      vertex -6.435493e+000 3.779605e+001 1.007865e+001
      vertex -7.009026e+000 3.918068e+001 5.138050e+000
      vertex -1.147482e+001 3.679366e+001 5.138050e+000
    endloop
  endfacet
  facet normal -4.512810e-001 8.442881e-001 2.890036e-001
    outer loop
      vertex -6.435493e+000 3.779605e+001 1.007865e+001
      vertex -1.147482e+001 3.679366e+001 5.138050e+000
      vertex -1.064217e+001 3.554753e+001 1.007865e+001
    endloop
  endfacet
  facet normal -6.073221e-001 7.400249e-001 2.890036e-001
    outer loop
      vertex -1.064217e+001 3.554753e+001 1.007865e+001
      vertex -1.147482e+001 3.679366e+001 5.138050e+000
      vertex -1.538911e+001 3.358128e+001 5.138050e+000
    endloop
  endfacet
  facet normal -6.073227e-001 7.400240e-001 2.890045e-001
    outer loop
      vertex -1.064217e+001 3.554753e+001 1.007865e+001
      vertex -1.538911e+001 3.358128e+001 5.138050e+000
      vertex -1.432936e+001 3.252153e+001 1.007865e+001
    endloop
  endfacet
  facet normal -7.400244e-001 6.073222e-001 2.890044e-001
    outer loop
      vertex -1.432936e+001 3.252153e+001 1.007865e+001
      vertex -1.538911e+001 3.358128e+001 5.138050e+000
      vertex -1.860150e+001 2.966698e+001 5.138050e+000
    endloop
  endfacet
  facet normal -7.400243e-001 6.073225e-001 2.890041e-001
    outer loop
      vertex -1.432936e+001 3.252153e+001 1.007865e+001
      vertex -1.860150e+001 2.966698e+001 5.138050e+000
      vertex -1.735536e+001 2.883434e+001 1.007865e+001
    endloop
  endfacet
  facet normal -8.442878e-001 4.512812e-001 2.890042e-001
    outer loop
      vertex -1.735536e+001 2.883434e+001 1.007865e+001
      vertex -1.860150e+001 2.966698e+001 5.138050e+000
      vertex -2.098851e+001 2.520119e+001 5.138050e+000
    endloop
  endfacet
  facet normal -8.442878e-001 4.512813e-001 2.890041e-001
    outer loop
      vertex -1.735536e+001 2.883434e+001 1.007865e+001
      vertex -2.098851e+001 2.520119e+001 5.138050e+000
      vertex -1.960388e+001 2.462766e+001 1.007865e+001
    endloop
  endfacet
  facet normal -9.161057e-001 2.778973e-001 2.890041e-001
    outer loop
      vertex -1.960388e+001 2.462766e+001 1.007865e+001
      vertex -2.098851e+001 2.520119e+001 5.138050e+000
      vertex -2.245843e+001 2.035552e+001 5.138050e+000
    endloop
  endfacet
  facet normal -9.161057e-001 2.778974e-001 2.890041e-001
    outer loop
      vertex -1.960388e+001 2.462766e+001 1.007865e+001
      vertex -2.245843e+001 2.035552e+001 5.138050e+000
      vertex -2.098851e+001 2.006314e+001 1.007865e+001
    endloop
  endfacet
  facet normal -9.527181e-001 9.383421e-002 2.890041e-001
    outer loop
      vertex -2.098851e+001 2.006314e+001 1.007865e+001
      vertex -2.245843e+001 2.035552e+001 5.138050e+000
      vertex -2.295476e+001 1.531620e+001 5.138050e+000
    endloop
  endfacet
  facet normal -9.527181e-001 9.383421e-002 2.890041e-001
    outer loop
      vertex -2.098851e+001 2.006314e+001 1.007865e+001
      vertex -2.295476e+001 1.531620e+001 5.138050e+000
      vertex -2.145604e+001 1.531620e+001 1.007865e+001
    endloop
  endfacet
  facet normal -9.527180e-001 -9.383491e-002 2.890041e-001
    outer loop
      vertex -2.145604e+001 1.531620e+001 1.007865e+001
      vertex -2.295476e+001 1.531620e+001 5.138050e+000
      vertex -2.245842e+001 1.027687e+001 5.138050e+000
    endloop
  endfacet
  facet normal -9.527180e-001 -9.383497e-002 2.890041e-001
    outer loop
      vertex -2.145604e+001 1.531620e+001 1.007865e+001
      vertex -2.245842e+001 1.027687e+001 5.138050e+000
      vertex -2.098851e+001 1.056926e+001 1.007865e+001
    endloop
  endfacet
  facet normal -9.161055e-001 -2.778980e-001 2.890041e-001
    outer loop
      vertex -2.098851e+001 1.056926e+001 1.007865e+001
      vertex -2.245842e+001 1.027687e+001 5.138050e+000
      vertex -2.098850e+001 5.431209e+000 5.138050e+000
    endloop
  endfacet
  facet normal -9.161054e-001 -2.778981e-001 2.890042e-001
    outer loop
      vertex -2.098851e+001 1.056926e+001 1.007865e+001
      vertex -2.098850e+001 5.431209e+000 5.138050e+000
      vertex -1.960387e+001 6.004743e+000 1.007865e+001
    endloop
  endfacet
  facet normal -8.442875e-001 -4.512817e-001 2.890042e-001
    outer loop
      vertex -1.960387e+001 6.004743e+000 1.007865e+001
      vertex -2.098850e+001 5.431209e+000 5.138050e+000
      vertex -1.860149e+001 9.654179e-001 5.138050e+000
    endloop
  endfacet
  facet normal -8.442878e-001 -4.512814e-001 2.890039e-001
    outer loop
      vertex -1.960387e+001 6.004743e+000 1.007865e+001
      vertex -1.860149e+001 9.654179e-001 5.138050e+000
      vertex -1.735535e+001 1.798059e+000 1.007865e+001
    endloop
  endfacet
  facet normal -7.400243e-001 -6.073227e-001 2.890039e-001
    outer loop
      vertex -1.735535e+001 1.798059e+000 1.007865e+001
      vertex -1.860149e+001 9.654179e-001 5.138050e+000
      vertex -1.538910e+001 -2.948879e+000 5.138050e+000
    endloop
  endfacet
  facet normal -7.400240e-001 -6.073229e-001 2.890042e-001
    outer loop
      vertex -1.735535e+001 1.798059e+000 1.007865e+001
      vertex -1.538910e+001 -2.948879e+000 5.138050e+000
      vertex -1.432935e+001 -1.889128e+000 1.007865e+001
    endloop
  endfacet
  facet normal -6.073218e-001 -7.400249e-001 2.890042e-001
    outer loop
      vertex -1.432935e+001 -1.889128e+000 1.007865e+001
      vertex -1.538910e+001 -2.948879e+000 5.138050e+000
      vertex -1.147480e+001 -6.161259e+000 5.138050e+000
    endloop
  endfacet
  facet normal -6.073219e-001 -7.400249e-001 2.890041e-001
    outer loop
      vertex -1.432935e+001 -1.889128e+000 1.007865e+001
      vertex -1.147480e+001 -6.161259e+000 5.138050e+000
      vertex -1.064216e+001 -4.915123e+000 1.007865e+001
    endloop
  endfacet
  facet normal -4.512806e-001 -8.442881e-001 2.890041e-001
    outer loop
      vertex -1.064216e+001 -4.915123e+000 1.007865e+001
      vertex -1.147480e+001 -6.161259e+000 5.138050e+000
      vertex -7.009007e+000 -8.548271e+000 5.138050e+000
    endloop
  endfacet
  facet normal -4.512805e-001 -8.442882e-001 2.890041e-001
    outer loop
      vertex -1.064216e+001 -4.915123e+000 1.007865e+001
      vertex -7.009007e+000 -8.548271e+000 5.138050e+000
      vertex -6.435474e+000 -7.163639e+000 1.007865e+001
    endloop
  endfacet
  facet normal -2.778966e-001 -9.161059e-001 2.890041e-001
    outer loop
      vertex -6.435474e+000 -7.163639e+000 1.007865e+001
      vertex -7.009007e+000 -8.548271e+000 5.138050e+000
      vertex -2.163339e+000 -1.001818e+001 5.138050e+000
    endloop
  endfacet
  facet normal -2.778967e-001 -9.161059e-001 2.890041e-001
    outer loop
      vertex -6.435474e+000 -7.163639e+000 1.007865e+001
      vertex -2.163339e+000 -1.001818e+001 5.138050e+000
      vertex -1.870956e+000 -8.548265e+000 1.007865e+001
    endloop
  endfacet
  facet normal -9.383383e-002 -9.527181e-001 2.890041e-001
    outer loop
      vertex -1.870956e+000 -8.548265e+000 1.007865e+001
      vertex -2.163339e+000 -1.001818e+001 5.138050e+000
      vertex 2.875986e+000 -1.051451e+001 5.138050e+000
    endloop
  endfacet
  facet normal -9.383383e-002 -9.527181e-001 2.890041e-001
    outer loop
      vertex -1.870956e+000 -8.548265e+000 1.007865e+001
      vertex 2.875986e+000 -1.051451e+001 5.138050e+000
      vertex 2.875985e+000 -9.015795e+000 1.007865e+001
    endloop
  endfacet
  facet normal 9.383563e-002 -9.527180e-001 2.890041e-001
    outer loop
      vertex 2.875985e+000 -9.015795e+000 1.007865e+001
      vertex 2.875986e+000 -1.051451e+001 5.138050e+000
      vertex 7.915311e+000 -1.001817e+001 5.138050e+000
    endloop
  endfacet
  facet normal 9.383538e-002 -9.527181e-001 2.890038e-001
    outer loop
      vertex 2.875985e+000 -9.015795e+000 1.007865e+001
      vertex 7.915311e+000 -1.001817e+001 5.138050e+000
      vertex 7.622925e+000 -8.548258e+000 1.007865e+001
    endloop
  endfacet
  facet normal 2.778984e-001 -9.161054e-001 2.890038e-001
    outer loop
      vertex 7.622925e+000 -8.548258e+000 1.007865e+001
      vertex 7.915311e+000 -1.001817e+001 5.138050e+000
      vertex 1.276098e+001 -8.548252e+000 5.138050e+000
    endloop
  endfacet
  facet normal 2.778989e-001 -9.161052e-001 2.890043e-001
    outer loop
      vertex 7.622925e+000 -8.548258e+000 1.007865e+001
      vertex 1.276098e+001 -8.548252e+000 5.138050e+000
      vertex 1.218744e+001 -7.163620e+000 1.007865e+001
    endloop
  endfacet
  facet normal 4.512821e-001 -8.442872e-001 2.890043e-001
    outer loop
      vertex 1.218744e+001 -7.163620e+000 1.007865e+001
      vertex 1.276098e+001 -8.548252e+000 5.138050e+000
      vertex 1.722676e+001 -6.161232e+000 5.138050e+000
    endloop
  endfacet
  facet normal 4.512820e-001 -8.442873e-001 2.890042e-001
    outer loop
      vertex 1.218744e+001 -7.163620e+000 1.007865e+001
      vertex 1.722676e+001 -6.161232e+000 5.138050e+000
      vertex 1.639412e+001 -4.915096e+000 1.007865e+001
    endloop
  endfacet
  facet normal 6.073235e-001 -7.400236e-001 2.890041e-001
    outer loop
      vertex 1.639412e+001 -4.915096e+000 1.007865e+001
      vertex 1.722676e+001 -6.161232e+000 5.138050e+000
      vertex 2.114106e+001 -2.948843e+000 5.138050e+000
    endloop
  endfacet
  facet normal 6.073235e-001 -7.400235e-001 2.890042e-001
    outer loop
      vertex 1.639412e+001 -4.915096e+000 1.007865e+001
      vertex 2.114106e+001 -2.948843e+000 5.138050e+000
      vertex 2.008131e+001 -1.889093e+000 1.007865e+001
    endloop
  endfacet
  facet normal 7.400250e-001 -6.073216e-001 2.890042e-001
    outer loop
      vertex 2.008131e+001 -1.889093e+000 1.007865e+001
      vertex 2.114106e+001 -2.948843e+000 5.138050e+000
      vertex 2.435344e+001 9.654589e-001 5.138050e+000
    endloop
  endfacet
  facet normal 7.400251e-001 -6.073215e-001 2.890042e-001
    outer loop
      vertex 2.008131e+001 -1.889093e+000 1.007865e+001
      vertex 2.435344e+001 9.654589e-001 5.138050e+000
      vertex 2.310730e+001 1.798099e+000 1.007865e+001
    endloop
  endfacet
  facet normal 8.442885e-001 -4.512799e-001 2.890042e-001
    outer loop
      vertex 2.310730e+001 1.798099e+000 1.007865e+001
      vertex 2.435344e+001 9.654589e-001 5.138050e+000
      vertex 2.674045e+001 5.431255e+000 5.138050e+000
    endloop
  endfacet
  facet normal 8.442884e-001 -4.512801e-001 2.890040e-001
    outer loop
      vertex 2.310730e+001 1.798099e+000 1.007865e+001
      vertex 2.674045e+001 5.431255e+000 5.138050e+000
      vertex 2.535581e+001 6.004786e+000 1.007865e+001
    endloop
  endfacet
  facet normal 9.161061e-001 -2.778963e-001 2.890040e-001
    outer loop
      vertex 2.535581e+001 6.004786e+000 1.007865e+001
      vertex 2.674045e+001 5.431255e+000 5.138050e+000
      vertex 2.821036e+001 1.027692e+001 5.138050e+000
    endloop
  endfacet
  facet normal 9.161061e-001 -2.778962e-001 2.890040e-001
    outer loop
      vertex 2.535581e+001 6.004786e+000 1.007865e+001
      vertex 2.821036e+001 1.027692e+001 5.138050e+000
      vertex 2.674044e+001 1.056931e+001 1.007865e+001
    endloop
  endfacet
  facet normal 9.527182e-001 -9.383313e-002 2.890041e-001
    outer loop
      vertex 2.674044e+001 1.056931e+001 1.007865e+001
      vertex 2.821036e+001 1.027692e+001 5.138050e+000
      vertex 2.870668e+001 1.531625e+001 5.138050e+000
    endloop
  endfacet
  facet normal 9.527182e-001 -9.383307e-002 2.890041e-001
    outer loop
      vertex 2.674044e+001 1.056931e+001 1.007865e+001
      vertex 2.870668e+001 1.531625e+001 5.138050e+000
      vertex 2.720796e+001 1.531625e+001 1.007865e+001
    endloop
  endfacet
  facet normal 9.527179e-001 9.383598e-002 2.890041e-001
    outer loop
      vertex 2.720796e+001 1.531625e+001 1.007865e+001
      vertex 2.870668e+001 1.531625e+001 5.138050e+000
      vertex 2.821034e+001 2.035557e+001 5.138050e+000
    endloop
  endfacet
  facet normal 9.527179e-001 9.383613e-002 2.890042e-001
    outer loop
      vertex 2.720796e+001 1.531625e+001 1.007865e+001
      vertex 2.821034e+001 2.035557e+001 5.138050e+000
      vertex 2.674042e+001 2.006319e+001 1.007865e+001
    endloop
  endfacet
  facet normal 9.161050e-001 2.778995e-001 2.890042e-001
    outer loop
      vertex 2.674042e+001 2.006319e+001 1.007865e+001
      vertex 2.821034e+001 2.035557e+001 5.138050e+000
      vertex 2.674041e+001 2.520124e+001 5.138050e+000
    endloop
  endfacet
  facet normal 9.161052e-001 2.778994e-001 2.890041e-001
    outer loop
      vertex 2.674042e+001 2.006319e+001 1.007865e+001
      vertex 2.674041e+001 2.520124e+001 5.138050e+000
      vertex 2.535578e+001 2.462770e+001 1.007865e+001
    endloop
  endfacet
  facet normal 8.442872e-001 4.512824e-001 2.890041e-001
    outer loop
      vertex 2.535578e+001 2.462770e+001 1.007865e+001
      vertex 2.674041e+001 2.520124e+001 5.138050e+000
      vertex 2.435339e+001 2.966703e+001 5.138050e+000
    endloop
  endfacet
  facet normal 8.442871e-001 4.512825e-001 2.890042e-001
    outer loop
      vertex 2.535578e+001 2.462770e+001 1.007865e+001
      vertex 2.435339e+001 2.966703e+001 5.138050e+000
      vertex 2.310726e+001 2.883438e+001 1.007865e+001
    endloop
  endfacet
  facet normal 7.400230e-001 6.073240e-001 2.890043e-001
    outer loop
      vertex 2.310726e+001 2.883438e+001 1.007865e+001
      vertex 2.435339e+001 2.966703e+001 5.138050e+000
      vertex 2.114100e+001 3.358132e+001 5.138050e+000
    endloop
  endfacet
  facet normal 7.400231e-001 6.073239e-001 2.890042e-001
    outer loop
      vertex 2.310726e+001 2.883438e+001 1.007865e+001
      vertex 2.114100e+001 3.358132e+001 5.138050e+000
      vertex 2.008125e+001 3.252156e+001 1.007865e+001
    endloop
  endfacet
  facet normal 6.073211e-001 7.400255e-001 2.890042e-001
    outer loop
      vertex 2.008125e+001 3.252156e+001 1.007865e+001
      vertex 2.114100e+001 3.358132e+001 5.138050e+000
      vertex 1.722670e+001 3.679369e+001 5.138050e+000
    endloop
  endfacet
  facet normal 6.073210e-001 7.400255e-001 2.890043e-001
    outer loop
      vertex 2.008125e+001 3.252156e+001 1.007865e+001
      vertex 1.722670e+001 3.679369e+001 5.138050e+000
      vertex 1.639406e+001 3.554755e+001 1.007865e+001
    endloop
  endfacet
  facet normal 4.512798e-001 8.442884e-001 2.890044e-001
    outer loop
      vertex 1.639406e+001 3.554755e+001 1.007865e+001
      vertex 1.722670e+001 3.679369e+001 5.138050e+000
      vertex 1.276090e+001 3.918070e+001 5.138050e+000
    endloop
  endfacet
  facet normal 4.512796e-001 8.442885e-001 2.890046e-001
    outer loop
      vertex 1.639406e+001 3.554755e+001 1.007865e+001
      vertex 1.276090e+001 3.918070e+001 5.138050e+000
      vertex 1.218737e+001 3.779607e+001 1.007865e+001
    endloop
  endfacet
  facet normal 2.778948e-001 9.161063e-001 2.890046e-001
    outer loop
      vertex 1.218737e+001 3.779607e+001 1.007865e+001
      vertex 1.276090e+001 3.918070e+001 5.138050e+000
      vertex 7.915229e+000 4.065060e+001 5.138050e+000
    endloop
  endfacet
  facet normal 2.778954e-001 9.161063e-001 2.890041e-001
    outer loop
      vertex 1.218737e+001 3.779607e+001 1.007865e+001
      vertex 7.915229e+000 4.065060e+001 5.138050e+000
      vertex 7.622848e+000 3.918069e+001 1.007865e+001
    endloop
  endfacet
  facet normal 9.383415e-002 9.527181e-001 2.890041e-001
    outer loop
      vertex 7.622848e+000 3.918069e+001 1.007865e+001
      vertex 7.915229e+000 4.065060e+001 5.138050e+000
      vertex 2.875960e+000 4.114693e+001 5.138050e+000
    endloop
  endfacet
  facet normal 9.383334e-002 9.527180e-001 2.890048e-001
    outer loop
      vertex 7.622848e+000 3.918069e+001 1.007865e+001
      vertex 2.875960e+000 4.114693e+001 5.138050e+000
      vertex 2.875960e+000 3.964821e+001 1.007865e+001
    endloop
  endfacet
  facet normal -9.754901e-002 9.904385e-001 9.754901e-002
    outer loop
      vertex 2.875960e+000 4.114693e+001 5.138050e+000
      vertex 2.875960e+000 4.165298e+001 1.988371e-006
      vertex -2.262088e+000 4.114693e+001 1.988371e-006
    endloop
  endfacet
  facet normal -9.754974e-002 9.904383e-001 9.754974e-002
    outer loop
      vertex 2.875960e+000 4.114693e+001 5.138050e+000
      vertex -2.262088e+000 4.114693e+001 1.988371e-006
      vertex -2.163362e+000 4.065060e+001 5.138050e+000
    endloop
  endfacet
  facet normal -2.889004e-001 9.523763e-001 9.754974e-002
    outer loop
      vertex -2.163362e+000 4.065060e+001 5.138050e+000
      vertex -2.262088e+000 4.114693e+001 1.988371e-006
      vertex -7.202683e+000 3.964821e+001 1.988371e-006
    endloop
  endfacet
  facet normal -2.889004e-001 9.523763e-001 9.754974e-002
    outer loop
      vertex -2.163362e+000 4.065060e+001 5.138050e+000
      vertex -7.202683e+000 3.964821e+001 1.988371e-006
      vertex -7.009026e+000 3.918068e+001 5.138050e+000
    endloop
  endfacet
  facet normal -4.691488e-001 8.777149e-001 9.754971e-002
    outer loop
      vertex -7.009026e+000 3.918068e+001 5.138050e+000
      vertex -7.202683e+000 3.964821e+001 1.988371e-006
      vertex -1.175596e+001 3.721443e+001 1.988371e-006
    endloop
  endfacet
  facet normal -4.691488e-001 8.777149e-001 9.754971e-002
    outer loop
      vertex -7.009026e+000 3.918068e+001 5.138050e+000
      vertex -1.175596e+001 3.721443e+001 1.988371e-006
      vertex -1.147482e+001 3.679366e+001 5.138050e+000
    endloop
  endfacet
  facet normal -6.313674e-001 7.693239e-001 9.754971e-002
    outer loop
      vertex -1.147482e+001 3.679366e+001 5.138050e+000
      vertex -1.175596e+001 3.721443e+001 1.988371e-006
      vertex -1.574695e+001 3.393912e+001 1.988371e-006
    endloop
  endfacet
  facet normal -6.313673e-001 7.693239e-001 9.754965e-002
    outer loop
      vertex -1.147482e+001 3.679366e+001 5.138050e+000
      vertex -1.574695e+001 3.393912e+001 1.988371e-006
      vertex -1.538911e+001 3.358128e+001 5.138050e+000
    endloop
  endfacet
  facet normal -7.693238e-001 6.313675e-001 9.754964e-002
    outer loop
      vertex -1.538911e+001 3.358128e+001 5.138050e+000
      vertex -1.574695e+001 3.393912e+001 1.988371e-006
      vertex -1.902226e+001 2.994813e+001 1.988371e-006
    endloop
  endfacet
  facet normal -7.693238e-001 6.313676e-001 9.754959e-002
    outer loop
      vertex -1.538911e+001 3.358128e+001 5.138050e+000
      vertex -1.902226e+001 2.994813e+001 1.988371e-006
      vertex -1.860150e+001 2.966698e+001 5.138050e+000
    endloop
  endfacet
  facet normal -8.777151e-001 4.691486e-001 9.754964e-002
    outer loop
      vertex -1.860150e+001 2.966698e+001 5.138050e+000
      vertex -1.902226e+001 2.994813e+001 1.988371e-006
      vertex -2.145605e+001 2.539485e+001 1.988371e-006
    endloop
  endfacet
  facet normal -8.777151e-001 4.691485e-001 9.754979e-002
    outer loop
      vertex -1.860150e+001 2.966698e+001 5.138050e+000
      vertex -2.145605e+001 2.539485e+001 1.988371e-006
      vertex -2.098851e+001 2.520119e+001 5.138050e+000
    endloop
  endfacet
  facet normal -9.523764e-001 2.888999e-001 9.754980e-002
    outer loop
      vertex -2.098851e+001 2.520119e+001 5.138050e+000
      vertex -2.145605e+001 2.539485e+001 1.988371e-006
      vertex -2.295476e+001 2.045425e+001 1.988371e-006
    endloop
  endfacet
  facet normal -9.523764e-001 2.888999e-001 9.754972e-002
    outer loop
      vertex -2.098851e+001 2.520119e+001 5.138050e+000
      vertex -2.295476e+001 2.045425e+001 1.988371e-006
      vertex -2.245843e+001 2.035552e+001 5.138050e+000
    endloop
  endfacet
  facet normal -9.904384e-001 9.754931e-002 9.754972e-002
    outer loop
      vertex -2.245843e+001 2.035552e+001 5.138050e+000
      vertex -2.295476e+001 2.045425e+001 1.988371e-006
      vertex -2.346081e+001 1.531620e+001 1.988371e-006
    endloop
  endfacet
  facet normal -9.904384e-001 9.754930e-002 9.754973e-002
    outer loop
      vertex -2.245843e+001 2.035552e+001 5.138050e+000
      vertex -2.346081e+001 1.531620e+001 1.988371e-006
      vertex -2.295476e+001 1.531620e+001 5.138050e+000
    endloop
  endfacet
  facet normal -9.904383e-001 -9.755003e-002 9.754972e-002
    outer loop
      vertex -2.295476e+001 1.531620e+001 5.138050e+000
      vertex -2.346081e+001 1.531620e+001 1.988371e-006
      vertex -2.295475e+001 1.017815e+001 1.988371e-006
    endloop
  endfacet
  facet normal -9.904383e-001 -9.755005e-002 9.754974e-002
    outer loop
      vertex -2.295476e+001 1.531620e+001 5.138050e+000
      vertex -2.295475e+001 1.017815e+001 1.988371e-006
      vertex -2.245842e+001 1.027687e+001 5.138050e+000
    endloop
  endfacet
  facet normal -9.523762e-001 -2.889006e-001 9.754973e-002
    outer loop
      vertex -2.245842e+001 1.027687e+001 5.138050e+000
      vertex -2.295475e+001 1.017815e+001 1.988371e-006
      vertex -2.145604e+001 5.237551e+000 1.988371e-006
    endloop
  endfacet
  facet normal -9.523762e-001 -2.889007e-001 9.754974e-002
    outer loop
      vertex -2.245842e+001 1.027687e+001 5.138050e+000
      vertex -2.145604e+001 5.237551e+000 1.988371e-006
      vertex -2.098850e+001 5.431209e+000 5.138050e+000
    endloop
  endfacet
  facet normal -8.777149e-001 -4.691489e-001 9.754972e-002
    outer loop
      vertex -2.098850e+001 5.431209e+000 5.138050e+000
      vertex -2.145604e+001 5.237551e+000 1.988371e-006
      vertex -1.902225e+001 6.842690e-001 1.988371e-006
    endloop
  endfacet
  facet normal -8.777148e-001 -4.691490e-001 9.754983e-002
    outer loop
      vertex -2.098850e+001 5.431209e+000 5.138050e+000
      vertex -1.902225e+001 6.842690e-001 1.988371e-006
      vertex -1.860149e+001 9.654179e-001 5.138050e+000
    endloop
  endfacet
  facet normal -7.693233e-001 -6.313681e-001 9.754982e-002
    outer loop
      vertex -1.860149e+001 9.654179e-001 5.138050e+000
      vertex -1.902225e+001 6.842690e-001 1.988371e-006
      vertex -1.574694e+001 -3.306713e+000 1.988371e-006
    endloop
  endfacet
  facet normal -7.693234e-001 -6.313680e-001 9.754967e-002
    outer loop
      vertex -1.860149e+001 9.654179e-001 5.138050e+000
      vertex -1.574694e+001 -3.306713e+000 1.988371e-006
      vertex -1.538910e+001 -2.948879e+000 5.138050e+000
    endloop
  endfacet
  facet normal -6.313671e-001 -7.693242e-001 9.754965e-002
    outer loop
      vertex -1.538910e+001 -2.948879e+000 5.138050e+000
      vertex -1.574694e+001 -3.306713e+000 1.988371e-006
      vertex -1.175595e+001 -6.582027e+000 1.988371e-006
    endloop
  endfacet
  facet normal -6.313670e-001 -7.693242e-001 9.754972e-002
    outer loop
      vertex -1.538910e+001 -2.948879e+000 5.138050e+000
      vertex -1.175595e+001 -6.582027e+000 1.988371e-006
      vertex -1.147480e+001 -6.161259e+000 5.138050e+000
    endloop
  endfacet
  facet normal -4.691478e-001 -8.777154e-001 9.754973e-002
    outer loop
      vertex -1.147480e+001 -6.161259e+000 5.138050e+000
      vertex -1.175595e+001 -6.582027e+000 1.988371e-006
      vertex -7.202664e+000 -9.015804e+000 1.988371e-006
    endloop
  endfacet
  facet normal -4.691478e-001 -8.777154e-001 9.754974e-002
    outer loop
      vertex -1.147480e+001 -6.161259e+000 5.138050e+000
      vertex -7.202664e+000 -9.015804e+000 1.988371e-006
      vertex -7.009007e+000 -8.548271e+000 5.138050e+000
    endloop
  endfacet
  facet normal -2.888992e-001 -9.523767e-001 9.754973e-002
    outer loop
      vertex -7.009007e+000 -8.548271e+000 5.138050e+000
      vertex -7.202664e+000 -9.015804e+000 1.988371e-006
      vertex -2.262065e+000 -1.051451e+001 1.988371e-006
    endloop
  endfacet
  facet normal -2.888992e-001 -9.523767e-001 9.754972e-002
    outer loop
      vertex -7.009007e+000 -8.548271e+000 5.138050e+000
      vertex -2.262065e+000 -1.051451e+001 1.988371e-006
      vertex -2.163339e+000 -1.001818e+001 5.138050e+000
    endloop
  endfacet
  facet normal -9.754894e-002 -9.904384e-001 9.754973e-002
    outer loop
      vertex -2.163339e+000 -1.001818e+001 5.138050e+000
      vertex -2.262065e+000 -1.051451e+001 1.988371e-006
      vertex 2.875987e+000 -1.102056e+001 1.988371e-006
    endloop
  endfacet
  facet normal -9.754892e-002 -9.904384e-001 9.754974e-002
    outer loop
      vertex -2.163339e+000 -1.001818e+001 5.138050e+000
      vertex 2.875987e+000 -1.102056e+001 1.988371e-006
      vertex 2.875986e+000 -1.051451e+001 5.138050e+000
    endloop
  endfacet
  facet normal 9.755075e-002 -9.904382e-001 9.754972e-002
    outer loop
      vertex 2.875986e+000 -1.051451e+001 5.138050e+000
      vertex 2.875987e+000 -1.102056e+001 1.988371e-006
      vertex 8.014038e+000 -1.051450e+001 1.988371e-006
    endloop
  endfacet
  facet normal 9.755079e-002 -9.904382e-001 9.754976e-002
    outer loop
      vertex 2.875986e+000 -1.051451e+001 5.138050e+000
      vertex 8.014038e+000 -1.051450e+001 1.988371e-006
      vertex 7.915311e+000 -1.001817e+001 5.138050e+000
    endloop
  endfacet
  facet normal 2.889014e-001 -9.523760e-001 9.754978e-002
    outer loop
      vertex 7.915311e+000 -1.001817e+001 5.138050e+000
      vertex 8.014038e+000 -1.051450e+001 1.988371e-006
      vertex 1.295463e+001 -9.015783e+000 1.988371e-006
    endloop
  endfacet
  facet normal 2.889011e-001 -9.523761e-001 9.754945e-002
    outer loop
      vertex 7.915311e+000 -1.001817e+001 5.138050e+000
      vertex 1.295463e+001 -9.015783e+000 1.988371e-006
      vertex 1.276098e+001 -8.548252e+000 5.138050e+000
    endloop
  endfacet
  facet normal 4.691493e-001 -8.777147e-001 9.754948e-002
    outer loop
      vertex 1.276098e+001 -8.548252e+000 5.138050e+000
      vertex 1.295463e+001 -9.015783e+000 1.988371e-006
      vertex 1.750792e+001 -6.581999e+000 1.988371e-006
    endloop
  endfacet
  facet normal 4.691494e-001 -8.777146e-001 9.754965e-002
    outer loop
      vertex 1.276098e+001 -8.548252e+000 5.138050e+000
      vertex 1.750792e+001 -6.581999e+000 1.988371e-006
      vertex 1.722676e+001 -6.161232e+000 5.138050e+000
    endloop
  endfacet
  facet normal 6.313689e-001 -7.693227e-001 9.754976e-002
    outer loop
      vertex 1.722676e+001 -6.161232e+000 5.138050e+000
      vertex 1.750792e+001 -6.581999e+000 1.988371e-006
      vertex 2.149889e+001 -3.306677e+000 1.988371e-006
    endloop
  endfacet
  facet normal 6.313688e-001 -7.693228e-001 9.754967e-002
    outer loop
      vertex 1.722676e+001 -6.161232e+000 5.138050e+000
      vertex 2.149889e+001 -3.306677e+000 1.988371e-006
      vertex 2.114106e+001 -2.948843e+000 5.138050e+000
    endloop
  endfacet
  facet normal 7.693244e-001 -6.313668e-001 9.754964e-002
    outer loop
      vertex 2.114106e+001 -2.948843e+000 5.138050e+000
      vertex 2.149889e+001 -3.306677e+000 1.988371e-006
      vertex 2.477421e+001 6.843119e-001 1.988371e-006
    endloop
  endfacet
  facet normal 7.693244e-001 -6.313668e-001 9.754959e-002
    outer loop
      vertex 2.114106e+001 -2.948843e+000 5.138050e+000
      vertex 2.477421e+001 6.843119e-001 1.988371e-006
      vertex 2.435344e+001 9.654589e-001 5.138050e+000
    endloop
  endfacet
  facet normal 8.777158e-001 -4.691471e-001 9.754962e-002
    outer loop
      vertex 2.435344e+001 9.654589e-001 5.138050e+000
      vertex 2.477421e+001 6.843119e-001 1.988371e-006
      vertex 2.720798e+001 5.237597e+000 1.988371e-006
    endloop
  endfacet
  facet normal 8.777158e-001 -4.691471e-001 9.754974e-002
    outer loop
      vertex 2.435344e+001 9.654589e-001 5.138050e+000
      vertex 2.720798e+001 5.237597e+000 1.988371e-006
      vertex 2.674045e+001 5.431255e+000 5.138050e+000
    endloop
  endfacet
  facet normal 9.523768e-001 -2.888988e-001 9.754973e-002
    outer loop
      vertex 2.674045e+001 5.431255e+000 5.138050e+000
      vertex 2.720798e+001 5.237597e+000 1.988371e-006
      vertex 2.870669e+001 1.017820e+001 1.988371e-006
    endloop
  endfacet
  facet normal 9.523768e-001 -2.888988e-001 9.754974e-002
    outer loop
      vertex 2.674045e+001 5.431255e+000 5.138050e+000
      vertex 2.870669e+001 1.017820e+001 1.988371e-006
      vertex 2.821036e+001 1.027692e+001 5.138050e+000
    endloop
  endfacet
  facet normal 9.904385e-001 -9.754820e-002 9.754972e-002
    outer loop
      vertex 2.821036e+001 1.027692e+001 5.138050e+000
      vertex 2.870669e+001 1.017820e+001 1.988371e-006
      vertex 2.921273e+001 1.531625e+001 1.988371e-006
    endloop
  endfacet
  facet normal 9.904385e-001 -9.754819e-002 9.754973e-002
    outer loop
      vertex 2.821036e+001 1.027692e+001 5.138050e+000
      vertex 2.921273e+001 1.531625e+001 1.988371e-006
      vertex 2.870668e+001 1.531625e+001 5.138050e+000
    endloop
  endfacet
  facet normal 9.904382e-001 9.755114e-002 9.754974e-002
    outer loop
      vertex 2.870668e+001 1.531625e+001 5.138050e+000
      vertex 2.921273e+001 1.531625e+001 1.988371e-006
      vertex 2.870667e+001 2.045430e+001 1.988371e-006
    endloop
  endfacet
  facet normal 9.904382e-001 9.755117e-002 9.754975e-002
    outer loop
      vertex 2.870668e+001 1.531625e+001 5.138050e+000
      vertex 2.870667e+001 2.045430e+001 1.988371e-006
      vertex 2.821034e+001 2.035557e+001 5.138050e+000
    endloop
  endfacet
  facet normal 9.523758e-001 2.889020e-001 9.754971e-002
    outer loop
      vertex 2.821034e+001 2.035557e+001 5.138050e+000
      vertex 2.870667e+001 2.045430e+001 1.988371e-006
      vertex 2.720795e+001 2.539490e+001 1.988371e-006
    endloop
  endfacet
  facet normal 9.523757e-001 2.889022e-001 9.754992e-002
    outer loop
      vertex 2.821034e+001 2.035557e+001 5.138050e+000
      vertex 2.720795e+001 2.539490e+001 1.988371e-006
      vertex 2.674041e+001 2.520124e+001 5.138050e+000
    endloop
  endfacet
  facet normal 8.777142e-001 4.691500e-001 9.754997e-002
    outer loop
      vertex 2.674041e+001 2.520124e+001 5.138050e+000
      vertex 2.720795e+001 2.539490e+001 1.988371e-006
      vertex 2.477416e+001 2.994818e+001 1.988371e-006
    endloop
  endfacet
  facet normal 8.777145e-001 4.691497e-001 9.754952e-002
    outer loop
      vertex 2.674041e+001 2.520124e+001 5.138050e+000
      vertex 2.477416e+001 2.994818e+001 1.988371e-006
      vertex 2.435339e+001 2.966703e+001 5.138050e+000
    endloop
  endfacet
  facet normal 7.693226e-001 6.313689e-001 9.754952e-002
    outer loop
      vertex 2.435339e+001 2.966703e+001 5.138050e+000
      vertex 2.477416e+001 2.994818e+001 1.988371e-006
      vertex 2.149883e+001 3.393916e+001 1.988371e-006
    endloop
  endfacet
  facet normal 7.693222e-001 6.313694e-001 9.755013e-002
    outer loop
      vertex 2.435339e+001 2.966703e+001 5.138050e+000
      vertex 2.149883e+001 3.393916e+001 1.988371e-006
      vertex 2.114100e+001 3.358132e+001 5.138050e+000
    endloop
  endfacet
  facet normal 6.313658e-001 7.693251e-001 9.755020e-002
    outer loop
      vertex 2.114100e+001 3.358132e+001 5.138050e+000
      vertex 2.149883e+001 3.393916e+001 1.988371e-006
      vertex 1.750784e+001 3.721446e+001 1.988371e-006
    endloop
  endfacet
  facet normal 6.313663e-001 7.693248e-001 9.754961e-002
    outer loop
      vertex 2.114100e+001 3.358132e+001 5.138050e+000
      vertex 1.750784e+001 3.721446e+001 1.988371e-006
      vertex 1.722670e+001 3.679369e+001 5.138050e+000
    endloop
  endfacet
  facet normal 4.691465e-001 8.777161e-001 9.754962e-002
    outer loop
      vertex 1.722670e+001 3.679369e+001 5.138050e+000
      vertex 1.750784e+001 3.721446e+001 1.988371e-006
      vertex 1.295456e+001 3.964823e+001 1.988371e-006
    endloop
  endfacet
  facet normal 4.691471e-001 8.777159e-001 9.754902e-002
    outer loop
      vertex 1.722670e+001 3.679369e+001 5.138050e+000
      vertex 1.295456e+001 3.964823e+001 1.988371e-006
      vertex 1.276090e+001 3.918070e+001 5.138050e+000
    endloop
  endfacet
  facet normal 2.888981e-001 9.523771e-001 9.754897e-002
    outer loop
      vertex 1.276090e+001 3.918070e+001 5.138050e+000
      vertex 1.295456e+001 3.964823e+001 1.988371e-006
      vertex 8.013954e+000 4.114693e+001 1.988371e-006
    endloop
  endfacet
  facet normal 2.888973e-001 9.523773e-001 9.754970e-002
    outer loop
      vertex 1.276090e+001 3.918070e+001 5.138050e+000
      vertex 8.013954e+000 4.114693e+001 1.988371e-006
      vertex 7.915229e+000 4.065060e+001 5.138050e+000
    endloop
  endfacet
  facet normal 9.754856e-002 9.904385e-001 9.754969e-002
    outer loop
      vertex 7.915229e+000 4.065060e+001 5.138050e+000
      vertex 8.013954e+000 4.114693e+001 1.988371e-006
      vertex 2.875960e+000 4.165298e+001 1.988371e-006
    endloop
  endfacet
  facet normal 9.754926e-002 9.904385e-001 9.754900e-002
    outer loop
      vertex 7.915229e+000 4.065060e+001 5.138050e+000
      vertex 2.875960e+000 4.165298e+001 1.988371e-006
      vertex 2.875960e+000 4.114693e+001 5.138050e+000
    endloop
  endfacet
  facet normal -9.754974e-002 9.904384e-001 -9.754900e-002
    outer loop
      vertex 2.875960e+000 4.165298e+001 1.988371e-006
      vertex 2.875960e+000 4.114693e+001 -5.138046e+000
      vertex -2.163362e+000 4.065060e+001 -5.138046e+000
    endloop
  endfacet
  facet normal -9.754900e-002 9.904384e-001 -9.754972e-002
    outer loop
      vertex 2.875960e+000 4.165298e+001 1.988371e-006
      vertex -2.163362e+000 4.065060e+001 -5.138046e+000
      vertex -2.262088e+000 4.114693e+001 1.988371e-006
    endloop
  endfacet
  facet normal -2.889004e-001 9.523763e-001 -9.754971e-002
    outer loop
      vertex -2.262088e+000 4.114693e+001 1.988371e-006
      vertex -2.163362e+000 4.065060e+001 -5.138046e+000
      vertex -7.009026e+000 3.918068e+001 -5.138046e+000
    endloop
  endfacet
  facet normal -2.889004e-001 9.523763e-001 -9.754974e-002
    outer loop
      vertex -2.262088e+000 4.114693e+001 1.988371e-006
      vertex -7.009026e+000 3.918068e+001 -5.138046e+000
      vertex -7.202683e+000 3.964821e+001 1.988371e-006
    endloop
  endfacet
  facet normal -4.691481e-001 8.777153e-001 -9.754972e-002
    outer loop
      vertex -7.202683e+000 3.964821e+001 1.988371e-006
      vertex -7.009026e+000 3.918068e+001 -5.138046e+000
      vertex -1.147482e+001 3.679367e+001 -5.138046e+000
    endloop
  endfacet
  facet normal -4.691488e-001 8.777150e-001 -9.754901e-002
    outer loop
      vertex -7.202683e+000 3.964821e+001 1.988371e-006
      vertex -1.147482e+001 3.679367e+001 -5.138046e+000
      vertex -1.175596e+001 3.721443e+001 1.988371e-006
    endloop
  endfacet
  facet normal -6.313679e-001 7.693236e-001 -9.754903e-002
    outer loop
      vertex -1.175596e+001 3.721443e+001 1.988371e-006
      vertex -1.147482e+001 3.679367e+001 -5.138046e+000
      vertex -1.538911e+001 3.358128e+001 -5.138046e+000
    endloop
  endfacet
  facet normal -6.313674e-001 7.693239e-001 -9.754965e-002
    outer loop
      vertex -1.175596e+001 3.721443e+001 1.988371e-006
      vertex -1.538911e+001 3.358128e+001 -5.138046e+000
      vertex -1.574695e+001 3.393912e+001 1.988371e-006
    endloop
  endfacet
  facet normal -7.693236e-001 6.313677e-001 -9.754965e-002
    outer loop
      vertex -1.574695e+001 3.393912e+001 1.988371e-006
      vertex -1.538911e+001 3.358128e+001 -5.138046e+000
      vertex -1.860150e+001 2.966698e+001 -5.138046e+000
    endloop
  endfacet
  facet normal -7.693238e-001 6.313675e-001 -9.754930e-002
    outer loop
      vertex -1.574695e+001 3.393912e+001 1.988371e-006
      vertex -1.860150e+001 2.966698e+001 -5.138046e+000
      vertex -1.902226e+001 2.994813e+001 1.988371e-006
    endloop
  endfacet
  facet normal -8.777151e-001 4.691485e-001 -9.754932e-002
    outer loop
      vertex -1.902226e+001 2.994813e+001 1.988371e-006
      vertex -1.860150e+001 2.966698e+001 -5.138046e+000
      vertex -2.098851e+001 2.520119e+001 -5.138046e+000
    endloop
  endfacet
  facet normal -8.777151e-001 4.691486e-001 -9.754948e-002
    outer loop
      vertex -1.902226e+001 2.994813e+001 1.988371e-006
      vertex -2.098851e+001 2.520119e+001 -5.138046e+000
      vertex -2.145605e+001 2.539485e+001 1.988371e-006
    endloop
  endfacet
  facet normal -9.523764e-001 2.889000e-001 -9.754945e-002
    outer loop
      vertex -2.145605e+001 2.539485e+001 1.988371e-006
      vertex -2.098851e+001 2.520119e+001 -5.138046e+000
      vertex -2.245843e+001 2.035553e+001 -5.138046e+000
    endloop
  endfacet
  facet normal -9.523765e-001 2.888999e-001 -9.754928e-002
    outer loop
      vertex -2.145605e+001 2.539485e+001 1.988371e-006
      vertex -2.245843e+001 2.035553e+001 -5.138046e+000
      vertex -2.295476e+001 2.045425e+001 1.988371e-006
    endloop
  endfacet
  facet normal -9.904384e-001 9.754927e-002 -9.754933e-002
    outer loop
      vertex -2.295476e+001 2.045425e+001 1.988371e-006
      vertex -2.245843e+001 2.035553e+001 -5.138046e+000
      vertex -2.295476e+001 1.531620e+001 -5.138046e+000
    endloop
  endfacet
  facet normal -9.904384e-001 9.754931e-002 -9.754937e-002
    outer loop
      vertex -2.295476e+001 2.045425e+001 1.988371e-006
      vertex -2.295476e+001 1.531620e+001 -5.138046e+000
      vertex -2.346081e+001 1.531620e+001 1.988371e-006
    endloop
  endfacet
  facet normal -9.904383e-001 -9.755005e-002 -9.754936e-002
    outer loop
      vertex -2.346081e+001 1.531620e+001 1.988371e-006
      vertex -2.295476e+001 1.531620e+001 -5.138046e+000
      vertex -2.245843e+001 1.027687e+001 -5.138046e+000
    endloop
  endfacet
  facet normal -9.904383e-001 -9.755004e-002 -9.754937e-002
    outer loop
      vertex -2.346081e+001 1.531620e+001 1.988371e-006
      vertex -2.245843e+001 1.027687e+001 -5.138046e+000
      vertex -2.295475e+001 1.017815e+001 1.988371e-006
    endloop
  endfacet
  facet normal -9.523762e-001 -2.889006e-001 -9.754937e-002
    outer loop
      vertex -2.295475e+001 1.017815e+001 1.988371e-006
      vertex -2.245843e+001 1.027687e+001 -5.138046e+000
      vertex -2.098851e+001 5.431209e+000 -5.138046e+000
    endloop
  endfacet
  facet normal -9.523762e-001 -2.889006e-001 -9.754939e-002
    outer loop
      vertex -2.295475e+001 1.017815e+001 1.988371e-006
      vertex -2.098851e+001 5.431209e+000 -5.138046e+000
      vertex -2.145604e+001 5.237551e+000 1.988371e-006
    endloop
  endfacet
  facet normal -8.777149e-001 -4.691489e-001 -9.754939e-002
    outer loop
      vertex -2.145604e+001 5.237551e+000 1.988371e-006
      vertex -2.098851e+001 5.431209e+000 -5.138046e+000
      vertex -1.860149e+001 9.654169e-001 -5.138046e+000
    endloop
  endfacet
  facet normal -8.777149e-001 -4.691489e-001 -9.754942e-002
    outer loop
      vertex -2.145604e+001 5.237551e+000 1.988371e-006
      vertex -1.860149e+001 9.654169e-001 -5.138046e+000
      vertex -1.902225e+001 6.842690e-001 1.988371e-006
    endloop
  endfacet
  facet normal -7.693235e-001 -6.313679e-001 -9.754942e-002
    outer loop
      vertex -1.902225e+001 6.842690e-001 1.988371e-006
      vertex -1.860149e+001 9.654169e-001 -5.138046e+000
      vertex -1.538910e+001 -2.948881e+000 -5.138046e+000
    endloop
  endfacet
  facet normal -7.693233e-001 -6.313682e-001 -9.754916e-002
    outer loop
      vertex -1.902225e+001 6.842690e-001 1.988371e-006
      vertex -1.538910e+001 -2.948881e+000 -5.138046e+000
      vertex -1.574694e+001 -3.306713e+000 1.988371e-006
    endloop
  endfacet
  facet normal -6.313670e-001 -7.693243e-001 -9.754913e-002
    outer loop
      vertex -1.574694e+001 -3.306713e+000 1.988371e-006
      vertex -1.538910e+001 -2.948881e+000 -5.138046e+000
      vertex -1.147480e+001 -6.161261e+000 -5.138046e+000
    endloop
  endfacet
  facet normal -6.313671e-001 -7.693242e-001 -9.754930e-002
    outer loop
      vertex -1.574694e+001 -3.306713e+000 1.988371e-006
      vertex -1.147480e+001 -6.161261e+000 -5.138046e+000
      vertex -1.175595e+001 -6.582027e+000 1.988371e-006
    endloop
  endfacet
  facet normal -4.691478e-001 -8.777155e-001 -9.754931e-002
    outer loop
      vertex -1.175595e+001 -6.582027e+000 1.988371e-006
      vertex -1.147480e+001 -6.161261e+000 -5.138046e+000
      vertex -7.009007e+000 -8.548273e+000 -5.138046e+000
    endloop
  endfacet
  facet normal -4.691478e-001 -8.777155e-001 -9.754932e-002
    outer loop
      vertex -1.175595e+001 -6.582027e+000 1.988371e-006
      vertex -7.009007e+000 -8.548273e+000 -5.138046e+000
      vertex -7.202664e+000 -9.015804e+000 1.988371e-006
    endloop
  endfacet
  facet normal -2.888992e-001 -9.523767e-001 -9.754933e-002
    outer loop
      vertex -7.202664e+000 -9.015804e+000 1.988371e-006
      vertex -7.009007e+000 -8.548273e+000 -5.138046e+000
      vertex -2.163340e+000 -1.001818e+001 -5.138046e+000
    endloop
  endfacet
  facet normal -2.888992e-001 -9.523767e-001 -9.754936e-002
    outer loop
      vertex -7.202664e+000 -9.015804e+000 1.988371e-006
      vertex -2.163340e+000 -1.001818e+001 -5.138046e+000
      vertex -2.262065e+000 -1.051451e+001 1.988371e-006
    endloop
  endfacet
  facet normal -9.754892e-002 -9.904385e-001 -9.754935e-002
    outer loop
      vertex -2.262065e+000 -1.051451e+001 1.988371e-006
      vertex -2.163340e+000 -1.001818e+001 -5.138046e+000
      vertex 2.875986e+000 -1.051451e+001 -5.138046e+000
    endloop
  endfacet
  facet normal -9.754893e-002 -9.904385e-001 -9.754935e-002
    outer loop
      vertex -2.262065e+000 -1.051451e+001 1.988371e-006
      vertex 2.875986e+000 -1.051451e+001 -5.138046e+000
      vertex 2.875987e+000 -1.102056e+001 1.988371e-006
    endloop
  endfacet
  facet normal 9.755079e-002 -9.904383e-001 -9.754936e-002
    outer loop
      vertex 2.875987e+000 -1.102056e+001 1.988371e-006
      vertex 2.875986e+000 -1.051451e+001 -5.138046e+000
      vertex 7.915311e+000 -1.001818e+001 -5.138046e+000
    endloop
  endfacet
  facet normal 9.755078e-002 -9.904383e-001 -9.754938e-002
    outer loop
      vertex 2.875987e+000 -1.102056e+001 1.988371e-006
      vertex 7.915311e+000 -1.001818e+001 -5.138046e+000
      vertex 8.014038e+000 -1.051450e+001 1.988371e-006
    endloop
  endfacet
  facet normal 2.889011e-001 -9.523761e-001 -9.754939e-002
    outer loop
      vertex 8.014038e+000 -1.051450e+001 1.988371e-006
      vertex 7.915311e+000 -1.001818e+001 -5.138046e+000
      vertex 1.276098e+001 -8.548254e+000 -5.138046e+000
    endloop
  endfacet
  facet normal 2.889014e-001 -9.523761e-001 -9.754910e-002
    outer loop
      vertex 8.014038e+000 -1.051450e+001 1.988371e-006
      vertex 1.276098e+001 -8.548254e+000 -5.138046e+000
      vertex 1.295463e+001 -9.015783e+000 1.988371e-006
    endloop
  endfacet
  facet normal 4.691496e-001 -8.777145e-001 -9.754915e-002
    outer loop
      vertex 1.295463e+001 -9.015783e+000 1.988371e-006
      vertex 1.276098e+001 -8.548254e+000 -5.138046e+000
      vertex 1.722677e+001 -6.161232e+000 -5.138046e+000
    endloop
  endfacet
  facet normal 4.691493e-001 -8.777147e-001 -9.754950e-002
    outer loop
      vertex 1.295463e+001 -9.015783e+000 1.988371e-006
      vertex 1.722677e+001 -6.161232e+000 -5.138046e+000
      vertex 1.750792e+001 -6.581999e+000 1.988371e-006
    endloop
  endfacet
  facet normal 6.313688e-001 -7.693228e-001 -9.754953e-002
    outer loop
      vertex 1.750792e+001 -6.581999e+000 1.988371e-006
      vertex 1.722677e+001 -6.161232e+000 -5.138046e+000
      vertex 2.114106e+001 -2.948845e+000 -5.138046e+000
    endloop
  endfacet
  facet normal 6.313689e-001 -7.693227e-001 -9.754938e-002
    outer loop
      vertex 1.750792e+001 -6.581999e+000 1.988371e-006
      vertex 2.114106e+001 -2.948845e+000 -5.138046e+000
      vertex 2.149889e+001 -3.306677e+000 1.988371e-006
    endloop
  endfacet
  facet normal 7.693243e-001 -6.313670e-001 -9.754942e-002
    outer loop
      vertex 2.149889e+001 -3.306677e+000 1.988371e-006
      vertex 2.114106e+001 -2.948845e+000 -5.138046e+000
      vertex 2.435344e+001 9.654579e-001 -5.138046e+000
    endloop
  endfacet
  facet normal 7.693244e-001 -6.313668e-001 -9.754924e-002
    outer loop
      vertex 2.149889e+001 -3.306677e+000 1.988371e-006
      vertex 2.435344e+001 9.654579e-001 -5.138046e+000
      vertex 2.477421e+001 6.843119e-001 1.988371e-006
    endloop
  endfacet
  facet normal 8.777159e-001 -4.691471e-001 -9.754922e-002
    outer loop
      vertex 2.477421e+001 6.843119e-001 1.988371e-006
      vertex 2.435344e+001 9.654579e-001 -5.138046e+000
      vertex 2.674045e+001 5.431254e+000 -5.138046e+000
    endloop
  endfacet
  facet normal 8.777158e-001 -4.691472e-001 -9.754930e-002
    outer loop
      vertex 2.477421e+001 6.843119e-001 1.988371e-006
      vertex 2.674045e+001 5.431254e+000 -5.138046e+000
      vertex 2.720798e+001 5.237597e+000 1.988371e-006
    endloop
  endfacet
  facet normal 9.523768e-001 -2.888987e-001 -9.754932e-002
    outer loop
      vertex 2.720798e+001 5.237597e+000 1.988371e-006
      vertex 2.674045e+001 5.431254e+000 -5.138046e+000
      vertex 2.821036e+001 1.027692e+001 -5.138046e+000
    endloop
  endfacet
  facet normal 9.523768e-001 -2.888988e-001 -9.754939e-002
    outer loop
      vertex 2.720798e+001 5.237597e+000 1.988371e-006
      vertex 2.821036e+001 1.027692e+001 -5.138046e+000
      vertex 2.870669e+001 1.017820e+001 1.988371e-006
    endloop
  endfacet
  facet normal 9.904385e-001 -9.754821e-002 -9.754936e-002
    outer loop
      vertex 2.870669e+001 1.017820e+001 1.988371e-006
      vertex 2.821036e+001 1.027692e+001 -5.138046e+000
      vertex 2.870668e+001 1.531625e+001 -5.138046e+000
    endloop
  endfacet
  facet normal 9.904385e-001 -9.754820e-002 -9.754936e-002
    outer loop
      vertex 2.870669e+001 1.017820e+001 1.988371e-006
      vertex 2.870668e+001 1.531625e+001 -5.138046e+000
      vertex 2.921273e+001 1.531625e+001 1.988371e-006
    endloop
  endfacet
  facet normal 9.904382e-001 9.755117e-002 -9.754936e-002
    outer loop
      vertex 2.921273e+001 1.531625e+001 1.988371e-006
      vertex 2.870668e+001 1.531625e+001 -5.138046e+000
      vertex 2.821034e+001 2.035557e+001 -5.138046e+000
    endloop
  endfacet
  facet normal 9.904382e-001 9.755115e-002 -9.754938e-002
    outer loop
      vertex 2.921273e+001 1.531625e+001 1.988371e-006
      vertex 2.821034e+001 2.035557e+001 -5.138046e+000
      vertex 2.870667e+001 2.045430e+001 1.988371e-006
    endloop
  endfacet
  facet normal 9.523758e-001 2.889021e-001 -9.754937e-002
    outer loop
      vertex 2.870667e+001 2.045430e+001 1.988371e-006
      vertex 2.821034e+001 2.035557e+001 -5.138046e+000
      vertex 2.674042e+001 2.520124e+001 -5.138046e+000
    endloop
  endfacet
  facet normal 9.523758e-001 2.889020e-001 -9.754947e-002
    outer loop
      vertex 2.870667e+001 2.045430e+001 1.988371e-006
      vertex 2.674042e+001 2.520124e+001 -5.138046e+000
      vertex 2.720795e+001 2.539490e+001 1.988371e-006
    endloop
  endfacet
  facet normal 8.777144e-001 4.691498e-001 -9.754947e-002
    outer loop
      vertex 2.720795e+001 2.539490e+001 1.988371e-006
      vertex 2.674042e+001 2.520124e+001 -5.138046e+000
      vertex 2.435339e+001 2.966703e+001 -5.138046e+000
    endloop
  endfacet
  facet normal 8.777143e-001 4.691501e-001 -9.754916e-002
    outer loop
      vertex 2.720795e+001 2.539490e+001 1.988371e-006
      vertex 2.435339e+001 2.966703e+001 -5.138046e+000
      vertex 2.477416e+001 2.994818e+001 1.988371e-006
    endloop
  endfacet
  facet normal 7.693226e-001 6.313691e-001 -9.754924e-002
    outer loop
      vertex 2.477416e+001 2.994818e+001 1.988371e-006
      vertex 2.435339e+001 2.966703e+001 -5.138046e+000
      vertex 2.114100e+001 3.358132e+001 -5.138046e+000
    endloop
  endfacet
  facet normal 7.693227e-001 6.313689e-001 -9.754940e-002
    outer loop
      vertex 2.477416e+001 2.994818e+001 1.988371e-006
      vertex 2.114100e+001 3.358132e+001 -5.138046e+000
      vertex 2.149883e+001 3.393916e+001 1.988371e-006
    endloop
  endfacet
  facet normal 6.313657e-001 7.693253e-001 -9.754939e-002
    outer loop
      vertex 2.149883e+001 3.393916e+001 1.988371e-006
      vertex 2.114100e+001 3.358132e+001 -5.138046e+000
      vertex 1.722670e+001 3.679369e+001 -5.138046e+000
    endloop
  endfacet
  facet normal 6.313659e-001 7.693251e-001 -9.754961e-002
    outer loop
      vertex 2.149883e+001 3.393916e+001 1.988371e-006
      vertex 1.722670e+001 3.679369e+001 -5.138046e+000
      vertex 1.750784e+001 3.721446e+001 1.988371e-006
    endloop
  endfacet
  facet normal 4.691472e-001 8.777158e-001 -9.754964e-002
    outer loop
      vertex 1.750784e+001 3.721446e+001 1.988371e-006
      vertex 1.722670e+001 3.679369e+001 -5.138046e+000
      vertex 1.276090e+001 3.918070e+001 -5.138046e+000
    endloop
  endfacet
  facet normal 4.691465e-001 8.777162e-001 -9.754889e-002
    outer loop
      vertex 1.750784e+001 3.721446e+001 1.988371e-006
      vertex 1.276090e+001 3.918070e+001 -5.138046e+000
      vertex 1.295456e+001 3.964823e+001 1.988371e-006
    endloop
  endfacet
  facet normal 2.888980e-001 9.523771e-001 -9.754891e-002
    outer loop
      vertex 1.295456e+001 3.964823e+001 1.988371e-006
      vertex 1.276090e+001 3.918070e+001 -5.138046e+000
      vertex 7.915230e+000 4.065061e+001 -5.138046e+000
    endloop
  endfacet
  facet normal 2.888981e-001 9.523771e-001 -9.754895e-002
    outer loop
      vertex 1.295456e+001 3.964823e+001 1.988371e-006
      vertex 7.915230e+000 4.065061e+001 -5.138046e+000
      vertex 8.013954e+000 4.114693e+001 1.988371e-006
    endloop
  endfacet
  facet normal 9.754852e-002 9.904385e-001 -9.754896e-002
    outer loop
      vertex 8.013954e+000 4.114693e+001 1.988371e-006
      vertex 7.915230e+000 4.065061e+001 -5.138046e+000
      vertex 2.875960e+000 4.114693e+001 -5.138046e+000
    endloop
  endfacet
  facet normal 9.754857e-002 9.904385e-001 -9.754901e-002
    outer loop
      vertex 8.013954e+000 4.114693e+001 1.988371e-006
      vertex 2.875960e+000 4.114693e+001 -5.138046e+000
      vertex 2.875960e+000 4.165298e+001 1.988371e-006
    endloop
  endfacet
  facet normal -9.383463e-002 9.527181e-001 -2.890041e-001
    outer loop
      vertex 2.875960e+000 4.114693e+001 -5.138046e+000
      vertex 2.875960e+000 3.964821e+001 -1.007864e+001
      vertex -1.870977e+000 3.918068e+001 -1.007864e+001
    endloop
  endfacet
  facet normal -9.383461e-002 9.527181e-001 -2.890041e-001
    outer loop
      vertex 2.875960e+000 4.114693e+001 -5.138046e+000
      vertex -1.870977e+000 3.918068e+001 -1.007864e+001
      vertex -2.163362e+000 4.065060e+001 -5.138046e+000
    endloop
  endfacet
  facet normal -2.778972e-001 9.161057e-001 -2.890041e-001
    outer loop
      vertex -2.163362e+000 4.065060e+001 -5.138046e+000
      vertex -1.870977e+000 3.918068e+001 -1.007864e+001
      vertex -6.435493e+000 3.779605e+001 -1.007864e+001
    endloop
  endfacet
  facet normal -2.778979e-001 9.161057e-001 -2.890035e-001
    outer loop
      vertex -2.163362e+000 4.065060e+001 -5.138046e+000
      vertex -6.435493e+000 3.779605e+001 -1.007864e+001
      vertex -7.009026e+000 3.918068e+001 -5.138046e+000
    endloop
  endfacet
  facet normal -4.512815e-001 8.442878e-001 -2.890036e-001
    outer loop
      vertex -7.009026e+000 3.918068e+001 -5.138046e+000
      vertex -6.435493e+000 3.779605e+001 -1.007864e+001
      vertex -1.064217e+001 3.554753e+001 -1.007864e+001
    endloop
  endfacet
  facet normal -4.512809e-001 8.442880e-001 -2.890041e-001
    outer loop
      vertex -7.009026e+000 3.918068e+001 -5.138046e+000
      vertex -1.064217e+001 3.554753e+001 -1.007864e+001
      vertex -1.147482e+001 3.679367e+001 -5.138046e+000
    endloop
  endfacet
  facet normal -6.073228e-001 7.400240e-001 -2.890041e-001
    outer loop
      vertex -1.147482e+001 3.679367e+001 -5.138046e+000
      vertex -1.064217e+001 3.554753e+001 -1.007864e+001
      vertex -1.432936e+001 3.252153e+001 -1.007864e+001
    endloop
  endfacet
  facet normal -6.073225e-001 7.400242e-001 -2.890044e-001
    outer loop
      vertex -1.147482e+001 3.679367e+001 -5.138046e+000
      vertex -1.432936e+001 3.252153e+001 -1.007864e+001
      vertex -1.538911e+001 3.358128e+001 -5.138046e+000
    endloop
  endfacet
  facet normal -7.400241e-001 6.073226e-001 -2.890044e-001
    outer loop
      vertex -1.538911e+001 3.358128e+001 -5.138046e+000
      vertex -1.432936e+001 3.252153e+001 -1.007864e+001
      vertex -1.735536e+001 2.883434e+001 -1.007864e+001
    endloop
  endfacet
  facet normal -7.400243e-001 6.073225e-001 -2.890042e-001
    outer loop
      vertex -1.538911e+001 3.358128e+001 -5.138046e+000
      vertex -1.735536e+001 2.883434e+001 -1.007864e+001
      vertex -1.860150e+001 2.966698e+001 -5.138046e+000
    endloop
  endfacet
  facet normal -8.442878e-001 4.512813e-001 -2.890042e-001
    outer loop
      vertex -1.860150e+001 2.966698e+001 -5.138046e+000
      vertex -1.735536e+001 2.883434e+001 -1.007864e+001
      vertex -1.960388e+001 2.462766e+001 -1.007864e+001
    endloop
  endfacet
  facet normal -8.442878e-001 4.512812e-001 -2.890041e-001
    outer loop
      vertex -1.860150e+001 2.966698e+001 -5.138046e+000
      vertex -1.960388e+001 2.462766e+001 -1.007864e+001
      vertex -2.098851e+001 2.520119e+001 -5.138046e+000
    endloop
  endfacet
  facet normal -9.161057e-001 2.778974e-001 -2.890041e-001
    outer loop
      vertex -2.098851e+001 2.520119e+001 -5.138046e+000
      vertex -1.960388e+001 2.462766e+001 -1.007864e+001
      vertex -2.098851e+001 2.006314e+001 -1.007864e+001
    endloop
  endfacet
  facet normal -9.161057e-001 2.778974e-001 -2.890041e-001
    outer loop
      vertex -2.098851e+001 2.520119e+001 -5.138046e+000
      vertex -2.098851e+001 2.006314e+001 -1.007864e+001
      vertex -2.245843e+001 2.035553e+001 -5.138046e+000
    endloop
  endfacet
  facet normal -9.527181e-001 9.383421e-002 -2.890041e-001
    outer loop
      vertex -2.245843e+001 2.035553e+001 -5.138046e+000
      vertex -2.098851e+001 2.006314e+001 -1.007864e+001
      vertex -2.145604e+001 1.531620e+001 -1.007864e+001
    endloop
  endfacet
  facet normal -9.527181e-001 9.383416e-002 -2.890041e-001
    outer loop
      vertex -2.245843e+001 2.035553e+001 -5.138046e+000
      vertex -2.145604e+001 1.531620e+001 -1.007864e+001
      vertex -2.295476e+001 1.531620e+001 -5.138046e+000
    endloop
  endfacet
  facet normal -9.527180e-001 -9.383497e-002 -2.890041e-001
    outer loop
      vertex -2.295476e+001 1.531620e+001 -5.138046e+000
      vertex -2.145604e+001 1.531620e+001 -1.007864e+001
      vertex -2.098851e+001 1.056926e+001 -1.007864e+001
    endloop
  endfacet
  facet normal -9.527180e-001 -9.383491e-002 -2.890041e-001
    outer loop
      vertex -2.295476e+001 1.531620e+001 -5.138046e+000
      vertex -2.098851e+001 1.056926e+001 -1.007864e+001
      vertex -2.245843e+001 1.027687e+001 -5.138046e+000
    endloop
  endfacet
  facet normal -9.161055e-001 -2.778981e-001 -2.890041e-001
    outer loop
      vertex -2.245843e+001 1.027687e+001 -5.138046e+000
      vertex -2.098851e+001 1.056926e+001 -1.007864e+001
      vertex -1.960387e+001 6.004742e+000 -1.007864e+001
    endloop
  endfacet
  facet normal -9.161055e-001 -2.778980e-001 -2.890042e-001
    outer loop
      vertex -2.245843e+001 1.027687e+001 -5.138046e+000
      vertex -1.960387e+001 6.004742e+000 -1.007864e+001
      vertex -2.098851e+001 5.431209e+000 -5.138046e+000
    endloop
  endfacet
  facet normal -8.442878e-001 -4.512813e-001 -2.890041e-001
    outer loop
      vertex -2.098851e+001 5.431209e+000 -5.138046e+000
      vertex -1.960387e+001 6.004742e+000 -1.007864e+001
      vertex -1.735535e+001 1.798059e+000 -1.007864e+001
    endloop
  endfacet
  facet normal -8.442876e-001 -4.512817e-001 -2.890038e-001
    outer loop
      vertex -2.098851e+001 5.431209e+000 -5.138046e+000
      vertex -1.735535e+001 1.798059e+000 -1.007864e+001
      vertex -1.860149e+001 9.654169e-001 -5.138046e+000
    endloop
  endfacet
  facet normal -7.400241e-001 -6.073229e-001 -2.890039e-001
    outer loop
      vertex -1.860149e+001 9.654169e-001 -5.138046e+000
      vertex -1.735535e+001 1.798059e+000 -1.007864e+001
      vertex -1.432935e+001 -1.889130e+000 -1.007864e+001
    endloop
  endfacet
  facet normal -7.400243e-001 -6.073226e-001 -2.890041e-001
    outer loop
      vertex -1.860149e+001 9.654169e-001 -5.138046e+000
      vertex -1.432935e+001 -1.889130e+000 -1.007864e+001
      vertex -1.538910e+001 -2.948881e+000 -5.138046e+000
    endloop
  endfacet
  facet normal -6.073219e-001 -7.400248e-001 -2.890042e-001
    outer loop
      vertex -1.538910e+001 -2.948881e+000 -5.138046e+000
      vertex -1.432935e+001 -1.889130e+000 -1.007864e+001
      vertex -1.064216e+001 -4.915125e+000 -1.007864e+001
    endloop
  endfacet
  facet normal -6.073217e-001 -7.400250e-001 -2.890040e-001
    outer loop
      vertex -1.538910e+001 -2.948881e+000 -5.138046e+000
      vertex -1.064216e+001 -4.915125e+000 -1.007864e+001
      vertex -1.147480e+001 -6.161261e+000 -5.138046e+000
    endloop
  endfacet
  facet normal -4.512805e-001 -8.442882e-001 -2.890040e-001
    outer loop
      vertex -1.147480e+001 -6.161261e+000 -5.138046e+000
      vertex -1.064216e+001 -4.915125e+000 -1.007864e+001
      vertex -6.435475e+000 -7.163641e+000 -1.007864e+001
    endloop
  endfacet
  facet normal -4.512806e-001 -8.442881e-001 -2.890041e-001
    outer loop
      vertex -1.147480e+001 -6.161261e+000 -5.138046e+000
      vertex -6.435475e+000 -7.163641e+000 -1.007864e+001
      vertex -7.009007e+000 -8.548273e+000 -5.138046e+000
    endloop
  endfacet
  facet normal -2.778966e-001 -9.161059e-001 -2.890041e-001
    outer loop
      vertex -7.009007e+000 -8.548273e+000 -5.138046e+000
      vertex -6.435475e+000 -7.163641e+000 -1.007864e+001
      vertex -1.870956e+000 -8.548267e+000 -1.007864e+001
    endloop
  endfacet
  facet normal -2.778966e-001 -9.161059e-001 -2.890041e-001
    outer loop
      vertex -7.009007e+000 -8.548273e+000 -5.138046e+000
      vertex -1.870956e+000 -8.548267e+000 -1.007864e+001
      vertex -2.163340e+000 -1.001818e+001 -5.138046e+000
    endloop
  endfacet
  facet normal -9.383381e-002 -9.527181e-001 -2.890041e-001
    outer loop
      vertex -2.163340e+000 -1.001818e+001 -5.138046e+000
      vertex -1.870956e+000 -8.548267e+000 -1.007864e+001
      vertex 2.875985e+000 -9.015797e+000 -1.007864e+001
    endloop
  endfacet
  facet normal -9.383383e-002 -9.527181e-001 -2.890041e-001
    outer loop
      vertex -2.163340e+000 -1.001818e+001 -5.138046e+000
      vertex 2.875985e+000 -9.015797e+000 -1.007864e+001
      vertex 2.875986e+000 -1.051451e+001 -5.138046e+000
    endloop
  endfacet
  facet normal 9.383535e-002 -9.527180e-001 -2.890041e-001
    outer loop
      vertex 2.875986e+000 -1.051451e+001 -5.138046e+000
      vertex 2.875985e+000 -9.015797e+000 -1.007864e+001
      vertex 7.622925e+000 -8.548260e+000 -1.007864e+001
    endloop
  endfacet
  facet normal 9.383564e-002 -9.527180e-001 -2.890038e-001
    outer loop
      vertex 2.875986e+000 -1.051451e+001 -5.138046e+000
      vertex 7.622925e+000 -8.548260e+000 -1.007864e+001
      vertex 7.915311e+000 -1.001818e+001 -5.138046e+000
    endloop
  endfacet
  facet normal 2.778989e-001 -9.161053e-001 -2.890039e-001
    outer loop
      vertex 7.915311e+000 -1.001818e+001 -5.138046e+000
      vertex 7.622925e+000 -8.548260e+000 -1.007864e+001
      vertex 1.218744e+001 -7.163622e+000 -1.007864e+001
    endloop
  endfacet
  facet normal 2.778984e-001 -9.161053e-001 -2.890042e-001
    outer loop
      vertex 7.915311e+000 -1.001818e+001 -5.138046e+000
      vertex 1.218744e+001 -7.163622e+000 -1.007864e+001
      vertex 1.276098e+001 -8.548254e+000 -5.138046e+000
    endloop
  endfacet
  facet normal 4.512821e-001 -8.442873e-001 -2.890042e-001
    outer loop
      vertex 1.276098e+001 -8.548254e+000 -5.138046e+000
      vertex 1.218744e+001 -7.163622e+000 -1.007864e+001
      vertex 1.639412e+001 -4.915098e+000 -1.007864e+001
    endloop
  endfacet
  facet normal 4.512823e-001 -8.442872e-001 -2.890041e-001
    outer loop
      vertex 1.276098e+001 -8.548254e+000 -5.138046e+000
      vertex 1.639412e+001 -4.915098e+000 -1.007864e+001
      vertex 1.722677e+001 -6.161232e+000 -5.138046e+000
    endloop
  endfacet
  facet normal 6.073233e-001 -7.400237e-001 -2.890041e-001
    outer loop
      vertex 1.722677e+001 -6.161232e+000 -5.138046e+000
      vertex 1.639412e+001 -4.915098e+000 -1.007864e+001
      vertex 2.008131e+001 -1.889095e+000 -1.007864e+001
    endloop
  endfacet
  facet normal 6.073235e-001 -7.400236e-001 -2.890040e-001
    outer loop
      vertex 1.722677e+001 -6.161232e+000 -5.138046e+000
      vertex 2.008131e+001 -1.889095e+000 -1.007864e+001
      vertex 2.114106e+001 -2.948845e+000 -5.138046e+000
    endloop
  endfacet
  facet normal 7.400252e-001 -6.073215e-001 -2.890039e-001
    outer loop
      vertex 2.114106e+001 -2.948845e+000 -5.138046e+000
      vertex 2.008131e+001 -1.889095e+000 -1.007864e+001
      vertex 2.310730e+001 1.798098e+000 -1.007864e+001
    endloop
  endfacet
  facet normal 7.400249e-001 -6.073217e-001 -2.890042e-001
    outer loop
      vertex 2.114106e+001 -2.948845e+000 -5.138046e+000
      vertex 2.310730e+001 1.798098e+000 -1.007864e+001
      vertex 2.435344e+001 9.654579e-001 -5.138046e+000
    endloop
  endfacet
  facet normal 8.442883e-001 -4.512801e-001 -2.890043e-001
    outer loop
      vertex 2.435344e+001 9.654579e-001 -5.138046e+000
      vertex 2.310730e+001 1.798098e+000 -1.007864e+001
      vertex 2.535582e+001 6.004786e+000 -1.007864e+001
    endloop
  endfacet
  facet normal 8.442885e-001 -4.512799e-001 -2.890040e-001
    outer loop
      vertex 2.435344e+001 9.654579e-001 -5.138046e+000
      vertex 2.535582e+001 6.004786e+000 -1.007864e+001
      vertex 2.674045e+001 5.431254e+000 -5.138046e+000
    endloop
  endfacet
  facet normal 9.161061e-001 -2.778963e-001 -2.890040e-001
    outer loop
      vertex 2.674045e+001 5.431254e+000 -5.138046e+000
      vertex 2.535582e+001 6.004786e+000 -1.007864e+001
      vertex 2.674044e+001 1.056931e+001 -1.007864e+001
    endloop
  endfacet
  facet normal 9.161061e-001 -2.778962e-001 -2.890040e-001
    outer loop
      vertex 2.674045e+001 5.431254e+000 -5.138046e+000
      vertex 2.674044e+001 1.056931e+001 -1.007864e+001
      vertex 2.821036e+001 1.027692e+001 -5.138046e+000
    endloop
  endfacet
  facet normal 9.527183e-001 -9.383307e-002 -2.890040e-001
    outer loop
      vertex 2.821036e+001 1.027692e+001 -5.138046e+000
      vertex 2.674044e+001 1.056931e+001 -1.007864e+001
      vertex 2.720797e+001 1.531625e+001 -1.007864e+001
    endloop
  endfacet
  facet normal 9.527182e-001 -9.383313e-002 -2.890041e-001
    outer loop
      vertex 2.821036e+001 1.027692e+001 -5.138046e+000
      vertex 2.720797e+001 1.531625e+001 -1.007864e+001
      vertex 2.870668e+001 1.531625e+001 -5.138046e+000
    endloop
  endfacet
  facet normal 9.527179e-001 9.383614e-002 -2.890041e-001
    outer loop
      vertex 2.870668e+001 1.531625e+001 -5.138046e+000
      vertex 2.720797e+001 1.531625e+001 -1.007864e+001
      vertex 2.674043e+001 2.006319e+001 -1.007864e+001
    endloop
  endfacet
  facet normal 9.527179e-001 9.383597e-002 -2.890042e-001
    outer loop
      vertex 2.870668e+001 1.531625e+001 -5.138046e+000
      vertex 2.674043e+001 2.006319e+001 -1.007864e+001
      vertex 2.821034e+001 2.035557e+001 -5.138046e+000
    endloop
  endfacet
  facet normal 9.161052e-001 2.778992e-001 -2.890042e-001
    outer loop
      vertex 2.821034e+001 2.035557e+001 -5.138046e+000
      vertex 2.674043e+001 2.006319e+001 -1.007864e+001
      vertex 2.535579e+001 2.462770e+001 -1.007864e+001
    endloop
  endfacet
  facet normal 9.161051e-001 2.778994e-001 -2.890040e-001
    outer loop
      vertex 2.821034e+001 2.035557e+001 -5.138046e+000
      vertex 2.535579e+001 2.462770e+001 -1.007864e+001
      vertex 2.674042e+001 2.520124e+001 -5.138046e+000
    endloop
  endfacet
  facet normal 8.442870e-001 4.512828e-001 -2.890041e-001
    outer loop
      vertex 2.674042e+001 2.520124e+001 -5.138046e+000
      vertex 2.535579e+001 2.462770e+001 -1.007864e+001
      vertex 2.310726e+001 2.883438e+001 -1.007864e+001
    endloop
  endfacet
  facet normal 8.442870e-001 4.512824e-001 -2.890044e-001
    outer loop
      vertex 2.674042e+001 2.520124e+001 -5.138046e+000
      vertex 2.310726e+001 2.883438e+001 -1.007864e+001
      vertex 2.435339e+001 2.966703e+001 -5.138046e+000
    endloop
  endfacet
  facet normal 7.400234e-001 6.073235e-001 -2.890044e-001
    outer loop
      vertex 2.435339e+001 2.966703e+001 -5.138046e+000
      vertex 2.310726e+001 2.883438e+001 -1.007864e+001
      vertex 2.008125e+001 3.252157e+001 -1.007864e+001
    endloop
  endfacet
  facet normal 7.400233e-001 6.073237e-001 -2.890042e-001
    outer loop
      vertex 2.435339e+001 2.966703e+001 -5.138046e+000
      vertex 2.008125e+001 3.252157e+001 -1.007864e+001
      vertex 2.114100e+001 3.358132e+001 -5.138046e+000
    endloop
  endfacet
  facet normal 6.073208e-001 7.400257e-001 -2.890042e-001
    outer loop
      vertex 2.114100e+001 3.358132e+001 -5.138046e+000
      vertex 2.008125e+001 3.252157e+001 -1.007864e+001
      vertex 1.639406e+001 3.554756e+001 -1.007864e+001
    endloop
  endfacet
  facet normal 6.073205e-001 7.400261e-001 -2.890038e-001
    outer loop
      vertex 2.114100e+001 3.358132e+001 -5.138046e+000
      vertex 1.639406e+001 3.554756e+001 -1.007864e+001
      vertex 1.722670e+001 3.679369e+001 -5.138046e+000
    endloop
  endfacet
  facet normal 4.512791e-001 8.442891e-001 -2.890038e-001
    outer loop
      vertex 1.722670e+001 3.679369e+001 -5.138046e+000
      vertex 1.639406e+001 3.554756e+001 -1.007864e+001
      vertex 1.218737e+001 3.779607e+001 -1.007864e+001
    endloop
  endfacet
  facet normal 4.512798e-001 8.442883e-001 -2.890046e-001
    outer loop
      vertex 1.722670e+001 3.679369e+001 -5.138046e+000
      vertex 1.218737e+001 3.779607e+001 -1.007864e+001
      vertex 1.276090e+001 3.918070e+001 -5.138046e+000
    endloop
  endfacet
  facet normal 2.778961e-001 9.161059e-001 -2.890047e-001
    outer loop
      vertex 1.276090e+001 3.918070e+001 -5.138046e+000
      vertex 1.218737e+001 3.779607e+001 -1.007864e+001
      vertex 7.622848e+000 3.918069e+001 -1.007864e+001
    endloop
  endfacet
  facet normal 2.778955e-001 9.161063e-001 -2.890040e-001
    outer loop
      vertex 1.276090e+001 3.918070e+001 -5.138046e+000
      vertex 7.622848e+000 3.918069e+001 -1.007864e+001
      vertex 7.915230e+000 4.065061e+001 -5.138046e+000
    endloop
  endfacet
  facet normal 9.383336e-002 9.527182e-001 -2.890041e-001
    outer loop
      vertex 7.915230e+000 4.065061e+001 -5.138046e+000
      vertex 7.622848e+000 3.918069e+001 -1.007864e+001
      vertex 2.875960e+000 3.964821e+001 -1.007864e+001
    endloop
  endfacet
  facet normal 9.383343e-002 9.527181e-001 -2.890041e-001
    outer loop
      vertex 7.915230e+000 4.065061e+001 -5.138046e+000
      vertex 2.875960e+000 3.964821e+001 -1.007864e+001
      vertex 2.875960e+000 4.114693e+001 -5.138046e+000
    endloop
  endfacet
  facet normal -8.653595e-002 8.786129e-001 -4.696284e-001
    outer loop
      vertex 2.875960e+000 3.964821e+001 -1.007864e+001
      vertex 2.875960e+000 3.721443e+001 -1.463192e+001
      vertex -1.396171e+000 3.679366e+001 -1.463192e+001
    endloop
  endfacet
  facet normal -8.653592e-002 8.786129e-001 -4.696285e-001
    outer loop
      vertex 2.875960e+000 3.964821e+001 -1.007864e+001
      vertex -1.396171e+000 3.679366e+001 -1.463192e+001
      vertex -1.870977e+000 3.918068e+001 -1.007864e+001
    endloop
  endfacet
  facet normal -2.562814e-001 8.448485e-001 -4.696285e-001
    outer loop
      vertex -1.870977e+000 3.918068e+001 -1.007864e+001
      vertex -1.396171e+000 3.679366e+001 -1.463192e+001
      vertex -5.504127e+000 3.554753e+001 -1.463192e+001
    endloop
  endfacet
  facet normal -2.562816e-001 8.448485e-001 -4.696283e-001
    outer loop
      vertex -1.870977e+000 3.918068e+001 -1.007864e+001
      vertex -5.504127e+000 3.554753e+001 -1.463192e+001
      vertex -6.435493e+000 3.779605e+001 -1.007864e+001
    endloop
  endfacet
  facet normal -4.161793e-001 7.786167e-001 -4.696283e-001
    outer loop
      vertex -6.435493e+000 3.779605e+001 -1.007864e+001
      vertex -5.504127e+000 3.554753e+001 -1.463192e+001
      vertex -9.290040e+000 3.352392e+001 -1.463192e+001
    endloop
  endfacet
  facet normal -4.161796e-001 7.786167e-001 -4.696282e-001
    outer loop
      vertex -6.435493e+000 3.779605e+001 -1.007864e+001
      vertex -9.290040e+000 3.352392e+001 -1.463192e+001
      vertex -1.064217e+001 3.554753e+001 -1.007864e+001
    endloop
  endfacet
  facet normal -5.600834e-001 6.824632e-001 -4.696281e-001
    outer loop
      vertex -1.064217e+001 3.554753e+001 -1.007864e+001
      vertex -9.290040e+000 3.352392e+001 -1.463192e+001
      vertex -1.260842e+001 3.080059e+001 -1.463192e+001
    endloop
  endfacet
  facet normal -5.600837e-001 6.824631e-001 -4.696279e-001
    outer loop
      vertex -1.064217e+001 3.554753e+001 -1.007864e+001
      vertex -1.260842e+001 3.080059e+001 -1.463192e+001
      vertex -1.432936e+001 3.252153e+001 -1.007864e+001
    endloop
  endfacet
  facet normal -6.824634e-001 5.600833e-001 -4.696279e-001
    outer loop
      vertex -1.432936e+001 3.252153e+001 -1.007864e+001
      vertex -1.260842e+001 3.080059e+001 -1.463192e+001
      vertex -1.533175e+001 2.748221e+001 -1.463192e+001
    endloop
  endfacet
  facet normal -6.824631e-001 5.600835e-001 -4.696281e-001
    outer loop
      vertex -1.432936e+001 3.252153e+001 -1.007864e+001
      vertex -1.533175e+001 2.748221e+001 -1.463192e+001
      vertex -1.735536e+001 2.883434e+001 -1.007864e+001
    endloop
  endfacet
  facet normal -7.786167e-001 4.161795e-001 -4.696282e-001
    outer loop
      vertex -1.735536e+001 2.883434e+001 -1.007864e+001
      vertex -1.533175e+001 2.748221e+001 -1.463192e+001
      vertex -1.735536e+001 2.369629e+001 -1.463192e+001
    endloop
  endfacet
  facet normal -7.786168e-001 4.161794e-001 -4.696281e-001
    outer loop
      vertex -1.735536e+001 2.883434e+001 -1.007864e+001
      vertex -1.735536e+001 2.369629e+001 -1.463192e+001
      vertex -1.960388e+001 2.462766e+001 -1.007864e+001
    endloop
  endfacet
  facet normal -8.448486e-001 2.562817e-001 -4.696280e-001
    outer loop
      vertex -1.960388e+001 2.462766e+001 -1.007864e+001
      vertex -1.735536e+001 2.369629e+001 -1.463192e+001
      vertex -1.860150e+001 1.958834e+001 -1.463192e+001
    endloop
  endfacet
  facet normal -8.448485e-001 2.562818e-001 -4.696282e-001
    outer loop
      vertex -1.960388e+001 2.462766e+001 -1.007864e+001
      vertex -1.860150e+001 1.958834e+001 -1.463192e+001
      vertex -2.098851e+001 2.006314e+001 -1.007864e+001
    endloop
  endfacet
  facet normal -8.786131e-001 8.653552e-002 -4.696282e-001
    outer loop
      vertex -2.098851e+001 2.006314e+001 -1.007864e+001
      vertex -1.860150e+001 1.958834e+001 -1.463192e+001
      vertex -1.902226e+001 1.531620e+001 -1.463192e+001
    endloop
  endfacet
  facet normal -8.786131e-001 8.653554e-002 -4.696282e-001
    outer loop
      vertex -2.098851e+001 2.006314e+001 -1.007864e+001
      vertex -1.902226e+001 1.531620e+001 -1.463192e+001
      vertex -2.145604e+001 1.531620e+001 -1.007864e+001
    endloop
  endfacet
  facet normal -8.786130e-001 -8.653629e-002 -4.696282e-001
    outer loop
      vertex -2.145604e+001 1.531620e+001 -1.007864e+001
      vertex -1.902226e+001 1.531620e+001 -1.463192e+001
      vertex -1.860149e+001 1.104407e+001 -1.463192e+001
    endloop
  endfacet
  facet normal -8.786130e-001 -8.653624e-002 -4.696282e-001
    outer loop
      vertex -2.145604e+001 1.531620e+001 -1.007864e+001
      vertex -1.860149e+001 1.104407e+001 -1.463192e+001
      vertex -2.098851e+001 1.056926e+001 -1.007864e+001
    endloop
  endfacet
  facet normal -8.448483e-001 -2.562824e-001 -4.696282e-001
    outer loop
      vertex -2.098851e+001 1.056926e+001 -1.007864e+001
      vertex -1.860149e+001 1.104407e+001 -1.463192e+001
      vertex -1.735536e+001 6.936110e+000 -1.463192e+001
    endloop
  endfacet
  facet normal -8.448483e-001 -2.562824e-001 -4.696282e-001
    outer loop
      vertex -2.098851e+001 1.056926e+001 -1.007864e+001
      vertex -1.735536e+001 6.936110e+000 -1.463192e+001
      vertex -1.960387e+001 6.004742e+000 -1.007864e+001
    endloop
  endfacet
  facet normal -7.786167e-001 -4.161795e-001 -4.696283e-001
    outer loop
      vertex -1.960387e+001 6.004742e+000 -1.007864e+001
      vertex -1.735536e+001 6.936110e+000 -1.463192e+001
      vertex -1.533174e+001 3.150195e+000 -1.463192e+001
    endloop
  endfacet
  facet normal -7.786167e-001 -4.161794e-001 -4.696283e-001
    outer loop
      vertex -1.960387e+001 6.004742e+000 -1.007864e+001
      vertex -1.533174e+001 3.150195e+000 -1.463192e+001
      vertex -1.735535e+001 1.798059e+000 -1.007864e+001
    endloop
  endfacet
  facet normal -6.824630e-001 -5.600834e-001 -4.696283e-001
    outer loop
      vertex -1.735535e+001 1.798059e+000 -1.007864e+001
      vertex -1.533174e+001 3.150195e+000 -1.463192e+001
      vertex -1.260841e+001 -1.681862e-001 -1.463192e+001
    endloop
  endfacet
  facet normal -6.824630e-001 -5.600836e-001 -4.696282e-001
    outer loop
      vertex -1.735535e+001 1.798059e+000 -1.007864e+001
      vertex -1.260841e+001 -1.681862e-001 -1.463192e+001
      vertex -1.432935e+001 -1.889130e+000 -1.007864e+001
    endloop
  endfacet
  facet normal -5.600826e-001 -6.824638e-001 -4.696282e-001
    outer loop
      vertex -1.432935e+001 -1.889130e+000 -1.007864e+001
      vertex -1.260841e+001 -1.681862e-001 -1.463192e+001
      vertex -9.290029e+000 -2.891510e+000 -1.463192e+001
    endloop
  endfacet
  facet normal -5.600827e-001 -6.824637e-001 -4.696283e-001
    outer loop
      vertex -1.432935e+001 -1.889130e+000 -1.007864e+001
      vertex -9.290029e+000 -2.891510e+000 -1.463192e+001
      vertex -1.064216e+001 -4.915125e+000 -1.007864e+001
    endloop
  endfacet
  facet normal -4.161786e-001 -7.786171e-001 -4.696283e-001
    outer loop
      vertex -1.064216e+001 -4.915125e+000 -1.007864e+001
      vertex -9.290029e+000 -2.891510e+000 -1.463192e+001
      vertex -5.504110e+000 -4.915121e+000 -1.463192e+001
    endloop
  endfacet
  facet normal -4.161786e-001 -7.786171e-001 -4.696283e-001
    outer loop
      vertex -1.064216e+001 -4.915125e+000 -1.007864e+001
      vertex -5.504110e+000 -4.915121e+000 -1.463192e+001
      vertex -6.435475e+000 -7.163641e+000 -1.007864e+001
    endloop
  endfacet
  facet normal -2.562812e-001 -8.448486e-001 -4.696282e-001
    outer loop
      vertex -6.435475e+000 -7.163641e+000 -1.007864e+001
      vertex -5.504110e+000 -4.915121e+000 -1.463192e+001
      vertex -1.396152e+000 -6.161253e+000 -1.463192e+001
    endloop
  endfacet
  facet normal -2.562811e-001 -8.448488e-001 -4.696281e-001
    outer loop
      vertex -6.435475e+000 -7.163641e+000 -1.007864e+001
      vertex -1.396152e+000 -6.161253e+000 -1.463192e+001
      vertex -1.870956e+000 -8.548267e+000 -1.007864e+001
    endloop
  endfacet
  facet normal -8.653513e-002 -8.786132e-001 -4.696281e-001
    outer loop
      vertex -1.870956e+000 -8.548267e+000 -1.007864e+001
      vertex -1.396152e+000 -6.161253e+000 -1.463192e+001
      vertex 2.875983e+000 -6.582018e+000 -1.463192e+001
    endloop
  endfacet
  facet normal -8.653517e-002 -8.786131e-001 -4.696282e-001
    outer loop
      vertex -1.870956e+000 -8.548267e+000 -1.007864e+001
      vertex 2.875983e+000 -6.582018e+000 -1.463192e+001
      vertex 2.875985e+000 -9.015797e+000 -1.007864e+001
    endloop
  endfacet
  facet normal 8.653668e-002 -8.786130e-001 -4.696282e-001
    outer loop
      vertex 2.875985e+000 -9.015797e+000 -1.007864e+001
      vertex 2.875983e+000 -6.582018e+000 -1.463192e+001
      vertex 7.148116e+000 -6.161245e+000 -1.463192e+001
    endloop
  endfacet
  facet normal 8.653659e-002 -8.786130e-001 -4.696282e-001
    outer loop
      vertex 2.875985e+000 -9.015797e+000 -1.007864e+001
      vertex 7.148116e+000 -6.161245e+000 -1.463192e+001
      vertex 7.622925e+000 -8.548260e+000 -1.007864e+001
    endloop
  endfacet
  facet normal 2.562828e-001 -8.448482e-001 -4.696282e-001
    outer loop
      vertex 7.622925e+000 -8.548260e+000 -1.007864e+001
      vertex 7.148116e+000 -6.161245e+000 -1.463192e+001
      vertex 1.125607e+001 -4.915106e+000 -1.463192e+001
    endloop
  endfacet
  facet normal 2.562831e-001 -8.448482e-001 -4.696280e-001
    outer loop
      vertex 7.622925e+000 -8.548260e+000 -1.007864e+001
      vertex 1.125607e+001 -4.915106e+000 -1.463192e+001
      vertex 1.218744e+001 -7.163622e+000 -1.007864e+001
    endloop
  endfacet
  facet normal 4.161803e-001 -7.786164e-001 -4.696280e-001
    outer loop
      vertex 1.218744e+001 -7.163622e+000 -1.007864e+001
      vertex 1.125607e+001 -4.915106e+000 -1.463192e+001
      vertex 1.504199e+001 -2.891487e+000 -1.463192e+001
    endloop
  endfacet
  facet normal 4.161802e-001 -7.786164e-001 -4.696281e-001
    outer loop
      vertex 1.218744e+001 -7.163622e+000 -1.007864e+001
      vertex 1.504199e+001 -2.891487e+000 -1.463192e+001
      vertex 1.639412e+001 -4.915098e+000 -1.007864e+001
    endloop
  endfacet
  facet normal 5.600842e-001 -6.824626e-001 -4.696280e-001
    outer loop
      vertex 1.639412e+001 -4.915098e+000 -1.007864e+001
      vertex 1.504199e+001 -2.891487e+000 -1.463192e+001
      vertex 1.836036e+001 -1.681566e-001 -1.463192e+001
    endloop
  endfacet
  facet normal 5.600841e-001 -6.824626e-001 -4.696281e-001
    outer loop
      vertex 1.639412e+001 -4.915098e+000 -1.007864e+001
      vertex 1.836036e+001 -1.681566e-001 -1.463192e+001
      vertex 2.008131e+001 -1.889095e+000 -1.007864e+001
    endloop
  endfacet
  facet normal 6.824642e-001 -5.600823e-001 -4.696281e-001
    outer loop
      vertex 2.008131e+001 -1.889095e+000 -1.007864e+001
      vertex 1.836036e+001 -1.681566e-001 -1.463192e+001
      vertex 2.108369e+001 3.150230e+000 -1.463192e+001
    endloop
  endfacet
  facet normal 6.824640e-001 -5.600823e-001 -4.696282e-001
    outer loop
      vertex 2.008131e+001 -1.889095e+000 -1.007864e+001
      vertex 2.108369e+001 3.150230e+000 -1.463192e+001
      vertex 2.310730e+001 1.798098e+000 -1.007864e+001
    endloop
  endfacet
  facet normal 7.786174e-001 -4.161783e-001 -4.696282e-001
    outer loop
      vertex 2.310730e+001 1.798098e+000 -1.007864e+001
      vertex 2.108369e+001 3.150230e+000 -1.463192e+001
      vertex 2.310730e+001 6.936150e+000 -1.463192e+001
    endloop
  endfacet
  facet normal 7.786174e-001 -4.161783e-001 -4.696282e-001
    outer loop
      vertex 2.310730e+001 1.798098e+000 -1.007864e+001
      vertex 2.310730e+001 6.936150e+000 -1.463192e+001
      vertex 2.535582e+001 6.004786e+000 -1.007864e+001
    endloop
  endfacet
  facet normal 8.448489e-001 -2.562805e-001 -4.696282e-001
    outer loop
      vertex 2.535582e+001 6.004786e+000 -1.007864e+001
      vertex 2.310730e+001 6.936150e+000 -1.463192e+001
      vertex 2.435342e+001 1.104411e+001 -1.463192e+001
    endloop
  endfacet
  facet normal 8.448488e-001 -2.562807e-001 -4.696284e-001
    outer loop
      vertex 2.535582e+001 6.004786e+000 -1.007864e+001
      vertex 2.435342e+001 1.104411e+001 -1.463192e+001
      vertex 2.674044e+001 1.056931e+001 -1.007864e+001
    endloop
  endfacet
  facet normal 8.786131e-001 -8.653470e-002 -4.696284e-001
    outer loop
      vertex 2.674044e+001 1.056931e+001 -1.007864e+001
      vertex 2.435342e+001 1.104411e+001 -1.463192e+001
      vertex 2.477419e+001 1.531624e+001 -1.463192e+001
    endloop
  endfacet
  facet normal 8.786132e-001 -8.653446e-002 -4.696282e-001
    outer loop
      vertex 2.674044e+001 1.056931e+001 -1.007864e+001
      vertex 2.477419e+001 1.531624e+001 -1.463192e+001
      vertex 2.720797e+001 1.531625e+001 -1.007864e+001
    endloop
  endfacet
  facet normal 8.786129e-001 8.653748e-002 -4.696281e-001
    outer loop
      vertex 2.720797e+001 1.531625e+001 -1.007864e+001
      vertex 2.477419e+001 1.531624e+001 -1.463192e+001
      vertex 2.435341e+001 1.958838e+001 -1.463192e+001
    endloop
  endfacet
  facet normal 8.786129e-001 8.653729e-002 -4.696283e-001
    outer loop
      vertex 2.720797e+001 1.531625e+001 -1.007864e+001
      vertex 2.435341e+001 1.958838e+001 -1.463192e+001
      vertex 2.674043e+001 2.006319e+001 -1.007864e+001
    endloop
  endfacet
  facet normal 8.448480e-001 2.562832e-001 -4.696283e-001
    outer loop
      vertex 2.674043e+001 2.006319e+001 -1.007864e+001
      vertex 2.435341e+001 1.958838e+001 -1.463192e+001
      vertex 2.310727e+001 2.369633e+001 -1.463192e+001
    endloop
  endfacet
  facet normal 8.448480e-001 2.562835e-001 -4.696281e-001
    outer loop
      vertex 2.674043e+001 2.006319e+001 -1.007864e+001
      vertex 2.310727e+001 2.369633e+001 -1.463192e+001
      vertex 2.535579e+001 2.462770e+001 -1.007864e+001
    endloop
  endfacet
  facet normal 7.786162e-001 4.161806e-001 -4.696282e-001
    outer loop
      vertex 2.535579e+001 2.462770e+001 -1.007864e+001
      vertex 2.310727e+001 2.369633e+001 -1.463192e+001
      vertex 2.108365e+001 2.748224e+001 -1.463192e+001
    endloop
  endfacet
  facet normal 7.786161e-001 4.161808e-001 -4.696279e-001
    outer loop
      vertex 2.535579e+001 2.462770e+001 -1.007864e+001
      vertex 2.108365e+001 2.748224e+001 -1.463192e+001
      vertex 2.310726e+001 2.883438e+001 -1.007864e+001
    endloop
  endfacet
  facet normal 6.824622e-001 5.600848e-001 -4.696279e-001
    outer loop
      vertex 2.310726e+001 2.883438e+001 -1.007864e+001
      vertex 2.108365e+001 2.748224e+001 -1.463192e+001
      vertex 1.836032e+001 3.080062e+001 -1.463192e+001
    endloop
  endfacet
  facet normal 6.824623e-001 5.600842e-001 -4.696283e-001
    outer loop
      vertex 2.310726e+001 2.883438e+001 -1.007864e+001
      vertex 1.836032e+001 3.080062e+001 -1.463192e+001
      vertex 2.008125e+001 3.252157e+001 -1.007864e+001
    endloop
  endfacet
  facet normal 5.600818e-001 6.824643e-001 -4.696285e-001
    outer loop
      vertex 2.008125e+001 3.252157e+001 -1.007864e+001
      vertex 1.836032e+001 3.080062e+001 -1.463192e+001
      vertex 1.504193e+001 3.352394e+001 -1.463192e+001
    endloop
  endfacet
  facet normal 5.600817e-001 6.824645e-001 -4.696283e-001
    outer loop
      vertex 2.008125e+001 3.252157e+001 -1.007864e+001
      vertex 1.504193e+001 3.352394e+001 -1.463192e+001
      vertex 1.639406e+001 3.554756e+001 -1.007864e+001
    endloop
  endfacet
  facet normal 4.161775e-001 7.786177e-001 -4.696283e-001
    outer loop
      vertex 1.639406e+001 3.554756e+001 -1.007864e+001
      vertex 1.504193e+001 3.352394e+001 -1.463192e+001
      vertex 1.125601e+001 3.554755e+001 -1.463192e+001
    endloop
  endfacet
  facet normal 4.161774e-001 7.786179e-001 -4.696281e-001
    outer loop
      vertex 1.639406e+001 3.554756e+001 -1.007864e+001
      vertex 1.125601e+001 3.554755e+001 -1.463192e+001
      vertex 1.218737e+001 3.779607e+001 -1.007864e+001
    endloop
  endfacet
  facet normal 2.562805e-001 8.448489e-001 -4.696281e-001
    outer loop
      vertex 1.218737e+001 3.779607e+001 -1.007864e+001
      vertex 1.125601e+001 3.554755e+001 -1.463192e+001
      vertex 7.148046e+000 3.679367e+001 -1.463192e+001
    endloop
  endfacet
  facet normal 2.562806e-001 8.448488e-001 -4.696283e-001
    outer loop
      vertex 1.218737e+001 3.779607e+001 -1.007864e+001
      vertex 7.148046e+000 3.679367e+001 -1.463192e+001
      vertex 7.622848e+000 3.918069e+001 -1.007864e+001
    endloop
  endfacet
  facet normal 8.653450e-002 8.786131e-001 -4.696283e-001
    outer loop
      vertex 7.622848e+000 3.918069e+001 -1.007864e+001
      vertex 7.148046e+000 3.679367e+001 -1.463192e+001
      vertex 2.875960e+000 3.721443e+001 -1.463192e+001
    endloop
  endfacet
  facet normal 8.653473e-002 8.786130e-001 -4.696285e-001
    outer loop
      vertex 7.622848e+000 3.918069e+001 -1.007864e+001
      vertex 2.875960e+000 3.721443e+001 -1.463192e+001
      vertex 2.875960e+000 3.964821e+001 -1.007864e+001
    endloop
  endfacet
  facet normal -7.591522e-002 7.707800e-001 -6.325623e-001
    outer loop
      vertex 2.875960e+000 3.721443e+001 -1.463192e+001
      vertex 2.875961e+000 3.393912e+001 -1.862291e+001
      vertex -7.571881e-001 3.358128e+001 -1.862291e+001
    endloop
  endfacet
  facet normal -7.591531e-002 7.707800e-001 -6.325623e-001
    outer loop
      vertex 2.875960e+000 3.721443e+001 -1.463192e+001
      vertex -7.571881e-001 3.358128e+001 -1.862291e+001
      vertex -1.396171e+000 3.679366e+001 -1.463192e+001
    endloop
  endfacet
  facet normal -2.248281e-001 7.411594e-001 -6.325623e-001
    outer loop
      vertex -1.396171e+000 3.679366e+001 -1.463192e+001
      vertex -7.571881e-001 3.358128e+001 -1.862291e+001
      vertex -4.250717e+000 3.252153e+001 -1.862291e+001
    endloop
  endfacet
  facet normal -2.248277e-001 7.411594e-001 -6.325625e-001
    outer loop
      vertex -1.396171e+000 3.679366e+001 -1.463192e+001
      vertex -4.250717e+000 3.252153e+001 -1.862291e+001
      vertex -5.504127e+000 3.554753e+001 -1.463192e+001
    endloop
  endfacet
  facet normal -3.651012e-001 6.830562e-001 -6.325625e-001
    outer loop
      vertex -5.504127e+000 3.554753e+001 -1.463192e+001
      vertex -4.250717e+000 3.252153e+001 -1.862291e+001
      vertex -7.470372e+000 3.080059e+001 -1.862291e+001
    endloop
  endfacet
  facet normal -3.651012e-001 6.830562e-001 -6.325625e-001
    outer loop
      vertex -5.504127e+000 3.554753e+001 -1.463192e+001
      vertex -7.470372e+000 3.080059e+001 -1.862291e+001
      vertex -9.290040e+000 3.352392e+001 -1.463192e+001
    endloop
  endfacet
  facet normal -4.913438e-001 5.987036e-001 -6.325625e-001
    outer loop
      vertex -9.290040e+000 3.352392e+001 -1.463192e+001
      vertex -7.470372e+000 3.080059e+001 -1.862291e+001
      vertex -1.029242e+001 2.848459e+001 -1.862291e+001
    endloop
  endfacet
  facet normal -4.913437e-001 5.987036e-001 -6.325625e-001
    outer loop
      vertex -9.290040e+000 3.352392e+001 -1.463192e+001
      vertex -1.029242e+001 2.848459e+001 -1.862291e+001
      vertex -1.260842e+001 3.080059e+001 -1.463192e+001
    endloop
  endfacet
  facet normal -5.987037e-001 4.913436e-001 -6.325625e-001
    outer loop
      vertex -1.260842e+001 3.080059e+001 -1.463192e+001
      vertex -1.029242e+001 2.848459e+001 -1.862291e+001
      vertex -1.260842e+001 2.566254e+001 -1.862291e+001
    endloop
  endfacet
  facet normal -5.987037e-001 4.913436e-001 -6.325625e-001
    outer loop
      vertex -1.260842e+001 3.080059e+001 -1.463192e+001
      vertex -1.260842e+001 2.566254e+001 -1.862291e+001
      vertex -1.533175e+001 2.748221e+001 -1.463192e+001
    endloop
  endfacet
  facet normal -6.830563e-001 3.651010e-001 -6.325625e-001
    outer loop
      vertex -1.533175e+001 2.748221e+001 -1.463192e+001
      vertex -1.260842e+001 2.566254e+001 -1.862291e+001
      vertex -1.432936e+001 2.244288e+001 -1.862291e+001
    endloop
  endfacet
  facet normal -6.830561e-001 3.651012e-001 -6.325626e-001
    outer loop
      vertex -1.533175e+001 2.748221e+001 -1.463192e+001
      vertex -1.432936e+001 2.244288e+001 -1.862291e+001
      vertex -1.735536e+001 2.369629e+001 -1.463192e+001
    endloop
  endfacet
  facet normal -7.411592e-001 2.248278e-001 -6.325626e-001
    outer loop
      vertex -1.735536e+001 2.369629e+001 -1.463192e+001
      vertex -1.432936e+001 2.244288e+001 -1.862291e+001
      vertex -1.538911e+001 1.894935e+001 -1.862291e+001
    endloop
  endfacet
  facet normal -7.411591e-001 2.248279e-001 -6.325627e-001
    outer loop
      vertex -1.735536e+001 2.369629e+001 -1.463192e+001
      vertex -1.538911e+001 1.894935e+001 -1.862291e+001
      vertex -1.860150e+001 1.958834e+001 -1.463192e+001
    endloop
  endfacet
  facet normal -7.707797e-001 7.591511e-002 -6.325627e-001
    outer loop
      vertex -1.860150e+001 1.958834e+001 -1.463192e+001
      vertex -1.538911e+001 1.894935e+001 -1.862291e+001
      vertex -1.574695e+001 1.531620e+001 -1.862291e+001
    endloop
  endfacet
  facet normal -7.707798e-001 7.591489e-002 -6.325625e-001
    outer loop
      vertex -1.860150e+001 1.958834e+001 -1.463192e+001
      vertex -1.574695e+001 1.531620e+001 -1.862291e+001
      vertex -1.902226e+001 1.531620e+001 -1.463192e+001
    endloop
  endfacet
  facet normal -7.707798e-001 -7.591555e-002 -6.325626e-001
    outer loop
      vertex -1.902226e+001 1.531620e+001 -1.463192e+001
      vertex -1.574695e+001 1.531620e+001 -1.862291e+001
      vertex -1.538911e+001 1.168305e+001 -1.862291e+001
    endloop
  endfacet
  facet normal -7.707798e-001 -7.591558e-002 -6.325625e-001
    outer loop
      vertex -1.902226e+001 1.531620e+001 -1.463192e+001
      vertex -1.538911e+001 1.168305e+001 -1.862291e+001
      vertex -1.860149e+001 1.104407e+001 -1.463192e+001
    endloop
  endfacet
  facet normal -7.411590e-001 -2.248287e-001 -6.325625e-001
    outer loop
      vertex -1.860149e+001 1.104407e+001 -1.463192e+001
      vertex -1.538911e+001 1.168305e+001 -1.862291e+001
      vertex -1.432936e+001 8.189521e+000 -1.862291e+001
    endloop
  endfacet
  facet normal -7.411590e-001 -2.248286e-001 -6.325626e-001
    outer loop
      vertex -1.860149e+001 1.104407e+001 -1.463192e+001
      vertex -1.432936e+001 8.189521e+000 -1.862291e+001
      vertex -1.735536e+001 6.936110e+000 -1.463192e+001
    endloop
  endfacet
  facet normal -6.830561e-001 -3.651013e-001 -6.325626e-001
    outer loop
      vertex -1.735536e+001 6.936110e+000 -1.463192e+001
      vertex -1.432936e+001 8.189521e+000 -1.862291e+001
      vertex -1.260842e+001 4.969865e+000 -1.862291e+001
    endloop
  endfacet
  facet normal -6.830562e-001 -3.651013e-001 -6.325625e-001
    outer loop
      vertex -1.735536e+001 6.936110e+000 -1.463192e+001
      vertex -1.260842e+001 4.969865e+000 -1.862291e+001
      vertex -1.533174e+001 3.150195e+000 -1.463192e+001
    endloop
  endfacet
  facet normal -5.987035e-001 -4.913439e-001 -6.325625e-001
    outer loop
      vertex -1.533174e+001 3.150195e+000 -1.463192e+001
      vertex -1.260842e+001 4.969865e+000 -1.862291e+001
      vertex -1.029242e+001 2.147814e+000 -1.862291e+001
    endloop
  endfacet
  facet normal -5.987035e-001 -4.913437e-001 -6.325626e-001
    outer loop
      vertex -1.533174e+001 3.150195e+000 -1.463192e+001
      vertex -1.029242e+001 2.147814e+000 -1.862291e+001
      vertex -1.260841e+001 -1.681862e-001 -1.463192e+001
    endloop
  endfacet
  facet normal -4.913430e-001 -5.987041e-001 -6.325626e-001
    outer loop
      vertex -1.260841e+001 -1.681862e-001 -1.463192e+001
      vertex -1.029242e+001 2.147814e+000 -1.862291e+001
      vertex -7.470362e+000 -1.681833e-001 -1.862291e+001
    endloop
  endfacet
  facet normal -4.913430e-001 -5.987042e-001 -6.325626e-001
    outer loop
      vertex -1.260841e+001 -1.681862e-001 -1.463192e+001
      vertex -7.470362e+000 -1.681833e-001 -1.862291e+001
      vertex -9.290029e+000 -2.891510e+000 -1.463192e+001
    endloop
  endfacet
  facet normal -3.651007e-001 -6.830565e-001 -6.325625e-001
    outer loop
      vertex -9.290029e+000 -2.891510e+000 -1.463192e+001
      vertex -7.470362e+000 -1.681833e-001 -1.862291e+001
      vertex -4.250704e+000 -1.889124e+000 -1.862291e+001
    endloop
  endfacet
  facet normal -3.651006e-001 -6.830567e-001 -6.325624e-001
    outer loop
      vertex -9.290029e+000 -2.891510e+000 -1.463192e+001
      vertex -4.250704e+000 -1.889124e+000 -1.862291e+001
      vertex -5.504110e+000 -4.915121e+000 -1.463192e+001
    endloop
  endfacet
  facet normal -2.248271e-001 -7.411596e-001 -6.325623e-001
    outer loop
      vertex -5.504110e+000 -4.915121e+000 -1.463192e+001
      vertex -4.250704e+000 -1.889124e+000 -1.862291e+001
      vertex -7.571721e-001 -2.948870e+000 -1.862291e+001
    endloop
  endfacet
  facet normal -2.248275e-001 -7.411593e-001 -6.325626e-001
    outer loop
      vertex -5.504110e+000 -4.915121e+000 -1.463192e+001
      vertex -7.571721e-001 -2.948870e+000 -1.862291e+001
      vertex -1.396152e+000 -6.161253e+000 -1.463192e+001
    endloop
  endfacet
  facet normal -7.591468e-002 -7.707798e-001 -6.325626e-001
    outer loop
      vertex -1.396152e+000 -6.161253e+000 -1.463192e+001
      vertex -7.571721e-001 -2.948870e+000 -1.862291e+001
      vertex 2.875979e+000 -3.306702e+000 -1.862291e+001
    endloop
  endfacet
  facet normal -7.591455e-002 -7.707798e-001 -6.325625e-001
    outer loop
      vertex -1.396152e+000 -6.161253e+000 -1.463192e+001
      vertex 2.875979e+000 -3.306702e+000 -1.862291e+001
      vertex 2.875983e+000 -6.582018e+000 -1.463192e+001
    endloop
  endfacet
  facet normal 7.591596e-002 -7.707797e-001 -6.325626e-001
    outer loop
      vertex 2.875983e+000 -6.582018e+000 -1.463192e+001
      vertex 2.875979e+000 -3.306702e+000 -1.862291e+001
      vertex 6.509130e+000 -2.948864e+000 -1.862291e+001
    endloop
  endfacet
  facet normal 7.591593e-002 -7.707797e-001 -6.325626e-001
    outer loop
      vertex 2.875983e+000 -6.582018e+000 -1.463192e+001
      vertex 6.509130e+000 -2.948864e+000 -1.862291e+001
      vertex 7.148116e+000 -6.161245e+000 -1.463192e+001
    endloop
  endfacet
  facet normal 2.248292e-001 -7.411589e-001 -6.325625e-001
    outer loop
      vertex 7.148116e+000 -6.161245e+000 -1.463192e+001
      vertex 6.509130e+000 -2.948864e+000 -1.862291e+001
      vertex 1.000266e+001 -1.889109e+000 -1.862291e+001
    endloop
  endfacet
  facet normal 2.248289e-001 -7.411588e-001 -6.325626e-001
    outer loop
      vertex 7.148116e+000 -6.161245e+000 -1.463192e+001
      vertex 1.000266e+001 -1.889109e+000 -1.862291e+001
      vertex 1.125607e+001 -4.915106e+000 -1.463192e+001
    endloop
  endfacet
  facet normal 3.651017e-001 -6.830558e-001 -6.325627e-001
    outer loop
      vertex 1.125607e+001 -4.915106e+000 -1.463192e+001
      vertex 1.000266e+001 -1.889109e+000 -1.862291e+001
      vertex 1.322231e+001 -1.681633e-001 -1.862291e+001
    endloop
  endfacet
  facet normal 3.651019e-001 -6.830558e-001 -6.325625e-001
    outer loop
      vertex 1.125607e+001 -4.915106e+000 -1.463192e+001
      vertex 1.322231e+001 -1.681633e-001 -1.862291e+001
      vertex 1.504199e+001 -2.891487e+000 -1.463192e+001
    endloop
  endfacet
  facet normal 4.913445e-001 -5.987030e-001 -6.325625e-001
    outer loop
      vertex 1.504199e+001 -2.891487e+000 -1.463192e+001
      vertex 1.322231e+001 -1.681633e-001 -1.862291e+001
      vertex 1.604436e+001 2.147840e+000 -1.862291e+001
    endloop
  endfacet
  facet normal 4.913442e-001 -5.987030e-001 -6.325627e-001
    outer loop
      vertex 1.504199e+001 -2.891487e+000 -1.463192e+001
      vertex 1.604436e+001 2.147840e+000 -1.862291e+001
      vertex 1.836036e+001 -1.681566e-001 -1.463192e+001
    endloop
  endfacet
  facet normal 5.987042e-001 -4.913429e-001 -6.325626e-001
    outer loop
      vertex 1.836036e+001 -1.681566e-001 -1.463192e+001
      vertex 1.604436e+001 2.147840e+000 -1.862291e+001
      vertex 1.836036e+001 4.969894e+000 -1.862291e+001
    endloop
  endfacet
  facet normal 5.987045e-001 -4.913427e-001 -6.325625e-001
    outer loop
      vertex 1.836036e+001 -1.681566e-001 -1.463192e+001
      vertex 1.836036e+001 4.969894e+000 -1.862291e+001
      vertex 2.108369e+001 3.150230e+000 -1.463192e+001
    endloop
  endfacet
  facet normal 6.830569e-001 -3.651001e-001 -6.325624e-001
    outer loop
      vertex 2.108369e+001 3.150230e+000 -1.463192e+001
      vertex 1.836036e+001 4.969894e+000 -1.862291e+001
      vertex 2.008130e+001 8.189554e+000 -1.862291e+001
    endloop
  endfacet
  facet normal 6.830567e-001 -3.651002e-001 -6.325625e-001
    outer loop
      vertex 2.108369e+001 3.150230e+000 -1.463192e+001
      vertex 2.008130e+001 8.189554e+000 -1.862291e+001
      vertex 2.310730e+001 6.936150e+000 -1.463192e+001
    endloop
  endfacet
  facet normal 7.411596e-001 -2.248271e-001 -6.325625e-001
    outer loop
      vertex 2.310730e+001 6.936150e+000 -1.463192e+001
      vertex 2.008130e+001 8.189554e+000 -1.862291e+001
      vertex 2.114104e+001 1.168309e+001 -1.862291e+001
    endloop
  endfacet
  facet normal 7.411597e-001 -2.248269e-001 -6.325623e-001
    outer loop
      vertex 2.310730e+001 6.936150e+000 -1.463192e+001
      vertex 2.114104e+001 1.168309e+001 -1.862291e+001
      vertex 2.435342e+001 1.104411e+001 -1.463192e+001
    endloop
  endfacet
  facet normal 7.707801e-001 -7.591391e-002 -6.325623e-001
    outer loop
      vertex 2.435342e+001 1.104411e+001 -1.463192e+001
      vertex 2.114104e+001 1.168309e+001 -1.862291e+001
      vertex 2.149887e+001 1.531624e+001 -1.862291e+001
    endloop
  endfacet
  facet normal 7.707800e-001 -7.591421e-002 -6.325625e-001
    outer loop
      vertex 2.435342e+001 1.104411e+001 -1.463192e+001
      vertex 2.149887e+001 1.531624e+001 -1.862291e+001
      vertex 2.477419e+001 1.531624e+001 -1.463192e+001
    endloop
  endfacet
  facet normal 7.707797e-001 7.591636e-002 -6.325626e-001
    outer loop
      vertex 2.477419e+001 1.531624e+001 -1.463192e+001
      vertex 2.149887e+001 1.531624e+001 -1.862291e+001
      vertex 2.114103e+001 1.894939e+001 -1.862291e+001
    endloop
  endfacet
  facet normal 7.707798e-001 7.591664e-002 -6.325624e-001
    outer loop
      vertex 2.477419e+001 1.531624e+001 -1.463192e+001
      vertex 2.114103e+001 1.894939e+001 -1.862291e+001
      vertex 2.435341e+001 1.958838e+001 -1.463192e+001
    endloop
  endfacet
  facet normal 7.411589e-001 2.248296e-001 -6.325623e-001
    outer loop
      vertex 2.435341e+001 1.958838e+001 -1.463192e+001
      vertex 2.114103e+001 1.894939e+001 -1.862291e+001
      vertex 2.008127e+001 2.244292e+001 -1.862291e+001
    endloop
  endfacet
  facet normal 7.411589e-001 2.248293e-001 -6.325625e-001
    outer loop
      vertex 2.435341e+001 1.958838e+001 -1.463192e+001
      vertex 2.008127e+001 2.244292e+001 -1.862291e+001
      vertex 2.310727e+001 2.369633e+001 -1.463192e+001
    endloop
  endfacet
  facet normal 6.830555e-001 3.651026e-001 -6.325625e-001
    outer loop
      vertex 2.310727e+001 2.369633e+001 -1.463192e+001
      vertex 2.008127e+001 2.244292e+001 -1.862291e+001
      vertex 1.836032e+001 2.566257e+001 -1.862291e+001
    endloop
  endfacet
  facet normal 6.830555e-001 3.651022e-001 -6.325627e-001
    outer loop
      vertex 2.310727e+001 2.369633e+001 -1.463192e+001
      vertex 1.836032e+001 2.566257e+001 -1.862291e+001
      vertex 2.108365e+001 2.748224e+001 -1.463192e+001
    endloop
  endfacet
  facet normal 5.987027e-001 4.913446e-001 -6.325627e-001
    outer loop
      vertex 2.108365e+001 2.748224e+001 -1.463192e+001
      vertex 1.836032e+001 2.566257e+001 -1.862291e+001
      vertex 1.604432e+001 2.848462e+001 -1.862291e+001
    endloop
  endfacet
  facet normal 5.987027e-001 4.913448e-001 -6.325626e-001
    outer loop
      vertex 2.108365e+001 2.748224e+001 -1.463192e+001
      vertex 1.604432e+001 2.848462e+001 -1.862291e+001
      vertex 1.836032e+001 3.080062e+001 -1.463192e+001
    endloop
  endfacet
  facet normal 4.913425e-001 5.987046e-001 -6.325625e-001
    outer loop
      vertex 1.836032e+001 3.080062e+001 -1.463192e+001
      vertex 1.604432e+001 2.848462e+001 -1.862291e+001
      vertex 1.322226e+001 3.080061e+001 -1.862291e+001
    endloop
  endfacet
  facet normal 4.913424e-001 5.987048e-001 -6.325624e-001
    outer loop
      vertex 1.836032e+001 3.080062e+001 -1.463192e+001
      vertex 1.322226e+001 3.080061e+001 -1.862291e+001
      vertex 1.504193e+001 3.352394e+001 -1.463192e+001
    endloop
  endfacet
  facet normal 3.650992e-001 6.830575e-001 -6.325623e-001
    outer loop
      vertex 1.504193e+001 3.352394e+001 -1.463192e+001
      vertex 1.322226e+001 3.080061e+001 -1.862291e+001
      vertex 1.000260e+001 3.252155e+001 -1.862291e+001
    endloop
  endfacet
  facet normal 3.650996e-001 6.830570e-001 -6.325626e-001
    outer loop
      vertex 1.504193e+001 3.352394e+001 -1.463192e+001
      vertex 1.000260e+001 3.252155e+001 -1.862291e+001
      vertex 1.125601e+001 3.554755e+001 -1.463192e+001
    endloop
  endfacet
  facet normal 2.248270e-001 7.411594e-001 -6.325626e-001
    outer loop
      vertex 1.125601e+001 3.554755e+001 -1.463192e+001
      vertex 1.000260e+001 3.252155e+001 -1.862291e+001
      vertex 6.509071e+000 3.358129e+001 -1.862291e+001
    endloop
  endfacet
  facet normal 2.248268e-001 7.411596e-001 -6.325625e-001
    outer loop
      vertex 1.125601e+001 3.554755e+001 -1.463192e+001
      vertex 6.509071e+000 3.358129e+001 -1.862291e+001
      vertex 7.148046e+000 3.679367e+001 -1.463192e+001
    endloop
  endfacet
  facet normal 7.591432e-002 7.707798e-001 -6.325626e-001
    outer loop
      vertex 7.148046e+000 3.679367e+001 -1.463192e+001
      vertex 6.509071e+000 3.358129e+001 -1.862291e+001
      vertex 2.875961e+000 3.393912e+001 -1.862291e+001
    endloop
  endfacet
  facet normal 7.591405e-002 7.707800e-001 -6.325624e-001
    outer loop
      vertex 7.148046e+000 3.679367e+001 -1.463192e+001
      vertex 2.875961e+000 3.393912e+001 -1.862291e+001
      vertex 2.875960e+000 3.721443e+001 -1.463192e+001
    endloop
  endfacet
  facet normal -6.236036e-002 6.331584e-001 -7.715061e-001
    outer loop
      vertex 2.875961e+000 3.393912e+001 -1.862291e+001
      vertex 2.875961e+000 2.994813e+001 -2.189823e+001
      vertex 2.141428e-002 2.966698e+001 -2.189823e+001
    endloop
  endfacet
  facet normal -6.236066e-002 6.331586e-001 -7.715060e-001
    outer loop
      vertex 2.875961e+000 3.393912e+001 -1.862291e+001
      vertex 2.141428e-002 2.966698e+001 -2.189823e+001
      vertex -7.571881e-001 3.358128e+001 -1.862291e+001
    endloop
  endfacet
  facet normal -1.846857e-001 6.088265e-001 -7.715060e-001
    outer loop
      vertex -7.571881e-001 3.358128e+001 -1.862291e+001
      vertex 2.141428e-002 2.966698e+001 -2.189823e+001
      vertex -2.723433e+000 2.883434e+001 -2.189823e+001
    endloop
  endfacet
  facet normal -1.846853e-001 6.088265e-001 -7.715061e-001
    outer loop
      vertex -7.571881e-001 3.358128e+001 -1.862291e+001
      vertex -2.723433e+000 2.883434e+001 -2.189823e+001
      vertex -4.250717e+000 3.252153e+001 -1.862291e+001
    endloop
  endfacet
  facet normal -2.999129e-001 5.610977e-001 -7.715061e-001
    outer loop
      vertex -4.250717e+000 3.252153e+001 -1.862291e+001
      vertex -2.723433e+000 2.883434e+001 -2.189823e+001
      vertex -5.253099e+000 2.748221e+001 -2.189823e+001
    endloop
  endfacet
  facet normal -2.999130e-001 5.610977e-001 -7.715061e-001
    outer loop
      vertex -4.250717e+000 3.252153e+001 -1.862291e+001
      vertex -5.253099e+000 2.748221e+001 -2.189823e+001
      vertex -7.470372e+000 3.080059e+001 -1.862291e+001
    endloop
  endfacet
  facet normal -4.036149e-001 4.918062e-001 -7.715061e-001
    outer loop
      vertex -7.470372e+000 3.080059e+001 -1.862291e+001
      vertex -5.253099e+000 2.748221e+001 -2.189823e+001
      vertex -7.470371e+000 2.566254e+001 -2.189823e+001
    endloop
  endfacet
  facet normal -4.036152e-001 4.918061e-001 -7.715060e-001
    outer loop
      vertex -7.470372e+000 3.080059e+001 -1.862291e+001
      vertex -7.470371e+000 2.566254e+001 -2.189823e+001
      vertex -1.029242e+001 2.848459e+001 -1.862291e+001
    endloop
  endfacet
  facet normal -4.918062e-001 4.036151e-001 -7.715060e-001
    outer loop
      vertex -1.029242e+001 2.848459e+001 -1.862291e+001
      vertex -7.470371e+000 2.566254e+001 -2.189823e+001
      vertex -9.290040e+000 2.344527e+001 -2.189823e+001
    endloop
  endfacet
  facet normal -4.918062e-001 4.036151e-001 -7.715060e-001
    outer loop
      vertex -1.029242e+001 2.848459e+001 -1.862291e+001
      vertex -9.290040e+000 2.344527e+001 -2.189823e+001
      vertex -1.260842e+001 2.566254e+001 -1.862291e+001
    endloop
  endfacet
  facet normal -5.610979e-001 2.999129e-001 -7.715060e-001
    outer loop
      vertex -1.260842e+001 2.566254e+001 -1.862291e+001
      vertex -9.290040e+000 2.344527e+001 -2.189823e+001
      vertex -1.064218e+001 2.091560e+001 -2.189823e+001
    endloop
  endfacet
  facet normal -5.610977e-001 2.999129e-001 -7.715060e-001
    outer loop
      vertex -1.260842e+001 2.566254e+001 -1.862291e+001
      vertex -1.064218e+001 2.091560e+001 -2.189823e+001
      vertex -1.432936e+001 2.244288e+001 -1.862291e+001
    endloop
  endfacet
  facet normal -6.088266e-001 1.846853e-001 -7.715060e-001
    outer loop
      vertex -1.432936e+001 2.244288e+001 -1.862291e+001
      vertex -1.064218e+001 2.091560e+001 -2.189823e+001
      vertex -1.147482e+001 1.817075e+001 -2.189823e+001
    endloop
  endfacet
  facet normal -6.088267e-001 1.846852e-001 -7.715059e-001
    outer loop
      vertex -1.432936e+001 2.244288e+001 -1.862291e+001
      vertex -1.147482e+001 1.817075e+001 -2.189823e+001
      vertex -1.538911e+001 1.894935e+001 -1.862291e+001
    endloop
  endfacet
  facet normal -6.331586e-001 6.236058e-002 -7.715059e-001
    outer loop
      vertex -1.538911e+001 1.894935e+001 -1.862291e+001
      vertex -1.147482e+001 1.817075e+001 -2.189823e+001
      vertex -1.175596e+001 1.531620e+001 -2.189823e+001
    endloop
  endfacet
  facet normal -6.331585e-001 6.236063e-002 -7.715060e-001
    outer loop
      vertex -1.538911e+001 1.894935e+001 -1.862291e+001
      vertex -1.175596e+001 1.531620e+001 -2.189823e+001
      vertex -1.574695e+001 1.531620e+001 -1.862291e+001
    endloop
  endfacet
  facet normal -6.331584e-001 -6.236103e-002 -7.715060e-001
    outer loop
      vertex -1.574695e+001 1.531620e+001 -1.862291e+001
      vertex -1.175596e+001 1.531620e+001 -2.189823e+001
      vertex -1.147481e+001 1.246165e+001 -2.189823e+001
    endloop
  endfacet
  facet normal -6.331584e-001 -6.236095e-002 -7.715060e-001
    outer loop
      vertex -1.574695e+001 1.531620e+001 -1.862291e+001
      vertex -1.147481e+001 1.246165e+001 -2.189823e+001
      vertex -1.538911e+001 1.168305e+001 -1.862291e+001
    endloop
  endfacet
  facet normal -6.088265e-001 -1.846859e-001 -7.715060e-001
    outer loop
      vertex -1.538911e+001 1.168305e+001 -1.862291e+001
      vertex -1.147481e+001 1.246165e+001 -2.189823e+001
      vertex -1.064217e+001 9.716806e+000 -2.189823e+001
    endloop
  endfacet
  facet normal -6.088265e-001 -1.846859e-001 -7.715060e-001
    outer loop
      vertex -1.538911e+001 1.168305e+001 -1.862291e+001
      vertex -1.064217e+001 9.716806e+000 -2.189823e+001
      vertex -1.432936e+001 8.189521e+000 -1.862291e+001
    endloop
  endfacet
  facet normal -5.610978e-001 -2.999130e-001 -7.715060e-001
    outer loop
      vertex -1.432936e+001 8.189521e+000 -1.862291e+001
      vertex -1.064217e+001 9.716806e+000 -2.189823e+001
      vertex -9.290035e+000 7.187139e+000 -2.189823e+001
    endloop
  endfacet
  facet normal -5.610977e-001 -2.999131e-001 -7.715060e-001
    outer loop
      vertex -1.432936e+001 8.189521e+000 -1.862291e+001
      vertex -9.290035e+000 7.187139e+000 -2.189823e+001
      vertex -1.260842e+001 4.969865e+000 -1.862291e+001
    endloop
  endfacet
  facet normal -4.918061e-001 -4.036153e-001 -7.715060e-001
    outer loop
      vertex -1.260842e+001 4.969865e+000 -1.862291e+001
      vertex -9.290035e+000 7.187139e+000 -2.189823e+001
      vertex -7.470366e+000 4.969868e+000 -2.189823e+001
    endloop
  endfacet
  facet normal -4.918061e-001 -4.036153e-001 -7.715060e-001
    outer loop
      vertex -1.260842e+001 4.969865e+000 -1.862291e+001
      vertex -7.470366e+000 4.969868e+000 -2.189823e+001
      vertex -1.029242e+001 2.147814e+000 -1.862291e+001
    endloop
  endfacet
  facet normal -4.036146e-001 -4.918067e-001 -7.715060e-001
    outer loop
      vertex -1.029242e+001 2.147814e+000 -1.862291e+001
      vertex -7.470366e+000 4.969868e+000 -2.189823e+001
      vertex -5.253092e+000 3.150202e+000 -2.189823e+001
    endloop
  endfacet
  facet normal -4.036146e-001 -4.918066e-001 -7.715060e-001
    outer loop
      vertex -1.029242e+001 2.147814e+000 -1.862291e+001
      vertex -5.253092e+000 3.150202e+000 -2.189823e+001
      vertex -7.470362e+000 -1.681833e-001 -1.862291e+001
    endloop
  endfacet
  facet normal -2.999128e-001 -5.610979e-001 -7.715060e-001
    outer loop
      vertex -7.470362e+000 -1.681833e-001 -1.862291e+001
      vertex -5.253092e+000 3.150202e+000 -2.189823e+001
      vertex -2.723423e+000 1.798067e+000 -2.189823e+001
    endloop
  endfacet
  facet normal -2.999127e-001 -5.610979e-001 -7.715060e-001
    outer loop
      vertex -7.470362e+000 -1.681833e-001 -1.862291e+001
      vertex -2.723423e+000 1.798067e+000 -2.189823e+001
      vertex -4.250704e+000 -1.889124e+000 -1.862291e+001
    endloop
  endfacet
  facet normal -1.846848e-001 -6.088268e-001 -7.715060e-001
    outer loop
      vertex -4.250704e+000 -1.889124e+000 -1.862291e+001
      vertex -2.723423e+000 1.798067e+000 -2.189823e+001
      vertex 2.142715e-002 9.654293e-001 -2.189823e+001
    endloop
  endfacet
  facet normal -1.846847e-001 -6.088269e-001 -7.715060e-001
    outer loop
      vertex -4.250704e+000 -1.889124e+000 -1.862291e+001
      vertex 2.142715e-002 9.654293e-001 -2.189823e+001
      vertex -7.571721e-001 -2.948870e+000 -1.862291e+001
    endloop
  endfacet
  facet normal -6.236014e-002 -6.331586e-001 -7.715059e-001
    outer loop
      vertex -7.571721e-001 -2.948870e+000 -1.862291e+001
      vertex 2.142715e-002 9.654293e-001 -2.189823e+001
      vertex 2.875975e+000 6.842833e-001 -2.189823e+001
    endloop
  endfacet
  facet normal -6.236029e-002 -6.331585e-001 -7.715060e-001
    outer loop
      vertex -7.571721e-001 -2.948870e+000 -1.862291e+001
      vertex 2.875975e+000 6.842833e-001 -2.189823e+001
      vertex 2.875979e+000 -3.306702e+000 -1.862291e+001
    endloop
  endfacet
  facet normal 6.236143e-002 -6.331584e-001 -7.715060e-001
    outer loop
      vertex 2.875979e+000 -3.306702e+000 -1.862291e+001
      vertex 2.875975e+000 6.842833e-001 -2.189823e+001
      vertex 5.730523e+000 9.654350e-001 -2.189823e+001
    endloop
  endfacet
  facet normal 6.236128e-002 -6.331584e-001 -7.715060e-001
    outer loop
      vertex 2.875979e+000 -3.306702e+000 -1.862291e+001
      vertex 5.730523e+000 9.654350e-001 -2.189823e+001
      vertex 6.509130e+000 -2.948864e+000 -1.862291e+001
    endloop
  endfacet
  facet normal 1.846860e-001 -6.088263e-001 -7.715060e-001
    outer loop
      vertex 6.509130e+000 -2.948864e+000 -1.862291e+001
      vertex 5.730523e+000 9.654350e-001 -2.189823e+001
      vertex 8.475372e+000 1.798079e+000 -2.189823e+001
    endloop
  endfacet
  facet normal 1.846863e-001 -6.088264e-001 -7.715059e-001
    outer loop
      vertex 6.509130e+000 -2.948864e+000 -1.862291e+001
      vertex 8.475372e+000 1.798079e+000 -2.189823e+001
      vertex 1.000266e+001 -1.889109e+000 -1.862291e+001
    endloop
  endfacet
  facet normal 2.999137e-001 -5.610975e-001 -7.715059e-001
    outer loop
      vertex 1.000266e+001 -1.889109e+000 -1.862291e+001
      vertex 8.475372e+000 1.798079e+000 -2.189823e+001
      vertex 1.100504e+001 3.150217e+000 -2.189823e+001
    endloop
  endfacet
  facet normal 2.999135e-001 -5.610975e-001 -7.715060e-001
    outer loop
      vertex 1.000266e+001 -1.889109e+000 -1.862291e+001
      vertex 1.100504e+001 3.150217e+000 -2.189823e+001
      vertex 1.322231e+001 -1.681633e-001 -1.862291e+001
    endloop
  endfacet
  facet normal 4.036157e-001 -4.918058e-001 -7.715060e-001
    outer loop
      vertex 1.322231e+001 -1.681633e-001 -1.862291e+001
      vertex 1.100504e+001 3.150217e+000 -2.189823e+001
      vertex 1.322231e+001 4.969888e+000 -2.189823e+001
    endloop
  endfacet
  facet normal 4.036159e-001 -4.918057e-001 -7.715060e-001
    outer loop
      vertex 1.322231e+001 -1.681633e-001 -1.862291e+001
      vertex 1.322231e+001 4.969888e+000 -2.189823e+001
      vertex 1.604436e+001 2.147840e+000 -1.862291e+001
    endloop
  endfacet
  facet normal 4.918069e-001 -4.036144e-001 -7.715059e-001
    outer loop
      vertex 1.604436e+001 2.147840e+000 -1.862291e+001
      vertex 1.322231e+001 4.969888e+000 -2.189823e+001
      vertex 1.504197e+001 7.187162e+000 -2.189823e+001
    endloop
  endfacet
  facet normal 4.918067e-001 -4.036146e-001 -7.715060e-001
    outer loop
      vertex 1.604436e+001 2.147840e+000 -1.862291e+001
      vertex 1.504197e+001 7.187162e+000 -2.189823e+001
      vertex 1.836036e+001 4.969894e+000 -1.862291e+001
    endloop
  endfacet
  facet normal 5.610983e-001 -2.999119e-001 -7.715060e-001
    outer loop
      vertex 1.836036e+001 4.969894e+000 -1.862291e+001
      vertex 1.504197e+001 7.187162e+000 -2.189823e+001
      vertex 1.639410e+001 9.716833e+000 -2.189823e+001
    endloop
  endfacet
  facet normal 5.610981e-001 -2.999121e-001 -7.715061e-001
    outer loop
      vertex 1.836036e+001 4.969894e+000 -1.862291e+001
      vertex 1.639410e+001 9.716833e+000 -2.189823e+001
      vertex 2.008130e+001 8.189554e+000 -1.862291e+001
    endloop
  endfacet
  facet normal 6.088266e-001 -1.846848e-001 -7.715061e-001
    outer loop
      vertex 2.008130e+001 8.189554e+000 -1.862291e+001
      vertex 1.639410e+001 9.716833e+000 -2.189823e+001
      vertex 1.722674e+001 1.246168e+001 -2.189823e+001
    endloop
  endfacet
  facet normal 6.088268e-001 -1.846846e-001 -7.715060e-001
    outer loop
      vertex 2.008130e+001 8.189554e+000 -1.862291e+001
      vertex 1.722674e+001 1.246168e+001 -2.189823e+001
      vertex 2.114104e+001 1.168309e+001 -1.862291e+001
    endloop
  endfacet
  facet normal 6.331586e-001 -6.235955e-002 -7.715060e-001
    outer loop
      vertex 2.114104e+001 1.168309e+001 -1.862291e+001
      vertex 1.722674e+001 1.246168e+001 -2.189823e+001
      vertex 1.750788e+001 1.531623e+001 -2.189823e+001
    endloop
  endfacet
  facet normal 6.331585e-001 -6.235962e-002 -7.715061e-001
    outer loop
      vertex 2.114104e+001 1.168309e+001 -1.862291e+001
      vertex 1.750788e+001 1.531623e+001 -2.189823e+001
      vertex 2.149887e+001 1.531624e+001 -1.862291e+001
    endloop
  endfacet
  facet normal 6.331583e-001 6.236118e-002 -7.715061e-001
    outer loop
      vertex 2.149887e+001 1.531624e+001 -1.862291e+001
      vertex 1.750788e+001 1.531623e+001 -2.189823e+001
      vertex 1.722673e+001 1.817078e+001 -2.189823e+001
    endloop
  endfacet
  facet normal 6.331585e-001 6.236162e-002 -7.715059e-001
    outer loop
      vertex 2.149887e+001 1.531624e+001 -1.862291e+001
      vertex 1.722673e+001 1.817078e+001 -2.189823e+001
      vertex 2.114103e+001 1.894939e+001 -1.862291e+001
    endloop
  endfacet
  facet normal 6.088262e-001 1.846869e-001 -7.715059e-001
    outer loop
      vertex 2.114103e+001 1.894939e+001 -1.862291e+001
      vertex 1.722673e+001 1.817078e+001 -2.189823e+001
      vertex 1.639409e+001 2.091563e+001 -2.189823e+001
    endloop
  endfacet
  facet normal 6.088262e-001 1.846866e-001 -7.715060e-001
    outer loop
      vertex 2.114103e+001 1.894939e+001 -1.862291e+001
      vertex 1.639409e+001 2.091563e+001 -2.189823e+001
      vertex 2.008127e+001 2.244292e+001 -1.862291e+001
    endloop
  endfacet
  facet normal 5.610973e-001 2.999137e-001 -7.715060e-001
    outer loop
      vertex 2.008127e+001 2.244292e+001 -1.862291e+001
      vertex 1.639409e+001 2.091563e+001 -2.189823e+001
      vertex 1.504195e+001 2.344529e+001 -2.189823e+001
    endloop
  endfacet
  facet normal 5.610973e-001 2.999142e-001 -7.715058e-001
    outer loop
      vertex 2.008127e+001 2.244292e+001 -1.862291e+001
      vertex 1.504195e+001 2.344529e+001 -2.189823e+001
      vertex 1.836032e+001 2.566257e+001 -1.862291e+001
    endloop
  endfacet
  facet normal 4.918053e-001 4.036165e-001 -7.715058e-001
    outer loop
      vertex 1.836032e+001 2.566257e+001 -1.862291e+001
      vertex 1.504195e+001 2.344529e+001 -2.189823e+001
      vertex 1.322227e+001 2.566256e+001 -2.189823e+001
    endloop
  endfacet
  facet normal 4.918055e-001 4.036159e-001 -7.715061e-001
    outer loop
      vertex 1.836032e+001 2.566257e+001 -1.862291e+001
      vertex 1.322227e+001 2.566256e+001 -2.189823e+001
      vertex 1.604432e+001 2.848462e+001 -1.862291e+001
    endloop
  endfacet
  facet normal 4.036141e-001 4.918069e-001 -7.715061e-001
    outer loop
      vertex 1.604432e+001 2.848462e+001 -1.862291e+001
      vertex 1.322227e+001 2.566256e+001 -2.189823e+001
      vertex 1.100500e+001 2.748222e+001 -2.189823e+001
    endloop
  endfacet
  facet normal 4.036141e-001 4.918069e-001 -7.715061e-001
    outer loop
      vertex 1.604432e+001 2.848462e+001 -1.862291e+001
      vertex 1.100500e+001 2.748222e+001 -2.189823e+001
      vertex 1.322226e+001 3.080061e+001 -1.862291e+001
    endloop
  endfacet
  facet normal 2.999118e-001 5.610982e-001 -7.715062e-001
    outer loop
      vertex 1.322226e+001 3.080061e+001 -1.862291e+001
      vertex 1.100500e+001 2.748222e+001 -2.189823e+001
      vertex 8.475328e+000 2.883435e+001 -2.189823e+001
    endloop
  endfacet
  facet normal 2.999114e-001 5.610988e-001 -7.715059e-001
    outer loop
      vertex 1.322226e+001 3.080061e+001 -1.862291e+001
      vertex 8.475328e+000 2.883435e+001 -2.189823e+001
      vertex 1.000260e+001 3.252155e+001 -1.862291e+001
    endloop
  endfacet
  facet normal 1.846844e-001 6.088271e-001 -7.715059e-001
    outer loop
      vertex 1.000260e+001 3.252155e+001 -1.862291e+001
      vertex 8.475328e+000 2.883435e+001 -2.189823e+001
      vertex 5.730477e+000 2.966699e+001 -2.189823e+001
    endloop
  endfacet
  facet normal 1.846846e-001 6.088269e-001 -7.715060e-001
    outer loop
      vertex 1.000260e+001 3.252155e+001 -1.862291e+001
      vertex 5.730477e+000 2.966699e+001 -2.189823e+001
      vertex 6.509071e+000 3.358129e+001 -1.862291e+001
    endloop
  endfacet
  facet normal 6.235979e-002 6.331586e-001 -7.715060e-001
    outer loop
      vertex 6.509071e+000 3.358129e+001 -1.862291e+001
      vertex 5.730477e+000 2.966699e+001 -2.189823e+001
      vertex 2.875961e+000 2.994813e+001 -2.189823e+001
    endloop
  endfacet
  facet normal 6.235998e-002 6.331584e-001 -7.715061e-001
    outer loop
      vertex 6.509071e+000 3.358129e+001 -1.862291e+001
      vertex 2.875961e+000 2.994813e+001 -2.189823e+001
      vertex 2.875961e+000 3.393912e+001 -1.862291e+001
    endloop
  endfacet
  facet normal -4.637871e-002 4.708896e-001 -8.809722e-001
    outer loop
      vertex 2.875961e+000 2.994813e+001 -2.189823e+001
      vertex 2.875961e+000 2.539485e+001 -2.433201e+001
      vertex 9.097158e-001 2.520119e+001 -2.433201e+001
    endloop
  endfacet
  facet normal -4.637836e-002 4.708895e-001 -8.809723e-001
    outer loop
      vertex 2.875961e+000 2.994813e+001 -2.189823e+001
      vertex 9.097158e-001 2.520119e+001 -2.433201e+001
      vertex 2.141428e-002 2.966698e+001 -2.189823e+001
    endloop
  endfacet
  facet normal -1.373533e-001 4.527934e-001 -8.809723e-001
    outer loop
      vertex 2.141428e-002 2.966698e+001 -2.189823e+001
      vertex 9.097158e-001 2.520119e+001 -2.433201e+001
      vertex -9.809675e-001 2.462766e+001 -2.433201e+001
    endloop
  endfacet
  facet normal -1.373536e-001 4.527935e-001 -8.809722e-001
    outer loop
      vertex 2.141428e-002 2.966698e+001 -2.189823e+001
      vertex -9.809675e-001 2.462766e+001 -2.433201e+001
      vertex -2.723433e+000 2.883434e+001 -2.189823e+001
    endloop
  endfacet
  facet normal -2.230497e-001 4.172969e-001 -8.809723e-001
    outer loop
      vertex -2.723433e+000 2.883434e+001 -2.189823e+001
      vertex -9.809675e-001 2.462766e+001 -2.433201e+001
      vertex -2.723432e+000 2.369629e+001 -2.433201e+001
    endloop
  endfacet
  facet normal -2.230499e-001 4.172969e-001 -8.809722e-001
    outer loop
      vertex -2.723433e+000 2.883434e+001 -2.189823e+001
      vertex -2.723432e+000 2.369629e+001 -2.433201e+001
      vertex -5.253099e+000 2.748221e+001 -2.189823e+001
    endloop
  endfacet
  facet normal -3.001746e-001 3.657639e-001 -8.809721e-001
    outer loop
      vertex -5.253099e+000 2.748221e+001 -2.189823e+001
      vertex -2.723432e+000 2.369629e+001 -2.433201e+001
      vertex -4.250715e+000 2.244288e+001 -2.433201e+001
    endloop
  endfacet
  facet normal -3.001746e-001 3.657639e-001 -8.809722e-001
    outer loop
      vertex -5.253099e+000 2.748221e+001 -2.189823e+001
      vertex -4.250715e+000 2.244288e+001 -2.433201e+001
      vertex -7.470371e+000 2.566254e+001 -2.189823e+001
    endloop
  endfacet
  facet normal -3.657640e-001 3.001745e-001 -8.809722e-001
    outer loop
      vertex -7.470371e+000 2.566254e+001 -2.189823e+001
      vertex -4.250715e+000 2.244288e+001 -2.433201e+001
      vertex -5.504124e+000 2.091560e+001 -2.433201e+001
    endloop
  endfacet
  facet normal -3.657637e-001 3.001747e-001 -8.809722e-001
    outer loop
      vertex -7.470371e+000 2.566254e+001 -2.189823e+001
      vertex -5.504124e+000 2.091560e+001 -2.433201e+001
      vertex -9.290040e+000 2.344527e+001 -2.189823e+001
    endloop
  endfacet
  facet normal -4.172968e-001 2.230500e-001 -8.809722e-001
    outer loop
      vertex -9.290040e+000 2.344527e+001 -2.189823e+001
      vertex -5.504124e+000 2.091560e+001 -2.433201e+001
      vertex -6.435491e+000 1.917314e+001 -2.433201e+001
    endloop
  endfacet
  facet normal -4.172969e-001 2.230498e-001 -8.809722e-001
    outer loop
      vertex -9.290040e+000 2.344527e+001 -2.189823e+001
      vertex -6.435491e+000 1.917314e+001 -2.433201e+001
      vertex -1.064218e+001 2.091560e+001 -2.189823e+001
    endloop
  endfacet
  facet normal -4.527936e-001 1.373533e-001 -8.809722e-001
    outer loop
      vertex -1.064218e+001 2.091560e+001 -2.189823e+001
      vertex -6.435491e+000 1.917314e+001 -2.433201e+001
      vertex -7.009023e+000 1.728245e+001 -2.433201e+001
    endloop
  endfacet
  facet normal -4.527936e-001 1.373533e-001 -8.809722e-001
    outer loop
      vertex -1.064218e+001 2.091560e+001 -2.189823e+001
      vertex -7.009023e+000 1.728245e+001 -2.433201e+001
      vertex -1.147482e+001 1.817075e+001 -2.189823e+001
    endloop
  endfacet
  facet normal -4.708895e-001 4.637848e-002 -8.809722e-001
    outer loop
      vertex -1.147482e+001 1.817075e+001 -2.189823e+001
      vertex -7.009023e+000 1.728245e+001 -2.433201e+001
      vertex -7.202681e+000 1.531621e+001 -2.433201e+001
    endloop
  endfacet
  facet normal -4.708895e-001 4.637848e-002 -8.809723e-001
    outer loop
      vertex -1.147482e+001 1.817075e+001 -2.189823e+001
      vertex -7.202681e+000 1.531621e+001 -2.433201e+001
      vertex -1.175596e+001 1.531620e+001 -2.189823e+001
    endloop
  endfacet
  facet normal -4.708895e-001 -4.637866e-002 -8.809722e-001
    outer loop
      vertex -1.175596e+001 1.531620e+001 -2.189823e+001
      vertex -7.202681e+000 1.531621e+001 -2.433201e+001
      vertex -7.009022e+000 1.334996e+001 -2.433201e+001
    endloop
  endfacet
  facet normal -4.708895e-001 -4.637880e-002 -8.809722e-001
    outer loop
      vertex -1.175596e+001 1.531620e+001 -2.189823e+001
      vertex -7.009022e+000 1.334996e+001 -2.433201e+001
      vertex -1.147481e+001 1.246165e+001 -2.189823e+001
    endloop
  endfacet
  facet normal -4.527935e-001 -1.373537e-001 -8.809722e-001
    outer loop
      vertex -1.147481e+001 1.246165e+001 -2.189823e+001
      vertex -7.009022e+000 1.334996e+001 -2.433201e+001
      vertex -6.435488e+000 1.145927e+001 -2.433201e+001
    endloop
  endfacet
  facet normal -4.527934e-001 -1.373537e-001 -8.809722e-001
    outer loop
      vertex -1.147481e+001 1.246165e+001 -2.189823e+001
      vertex -6.435488e+000 1.145927e+001 -2.433201e+001
      vertex -1.064217e+001 9.716806e+000 -2.189823e+001
    endloop
  endfacet
  facet normal -4.172968e-001 -2.230502e-001 -8.809721e-001
    outer loop
      vertex -1.064217e+001 9.716806e+000 -2.189823e+001
      vertex -6.435488e+000 1.145927e+001 -2.433201e+001
      vertex -5.504120e+000 9.716810e+000 -2.433201e+001
    endloop
  endfacet
  facet normal -4.172969e-001 -2.230498e-001 -8.809723e-001
    outer loop
      vertex -1.064217e+001 9.716806e+000 -2.189823e+001
      vertex -5.504120e+000 9.716810e+000 -2.433201e+001
      vertex -9.290035e+000 7.187139e+000 -2.189823e+001
    endloop
  endfacet
  facet normal -3.657636e-001 -3.001747e-001 -8.809723e-001
    outer loop
      vertex -9.290035e+000 7.187139e+000 -2.189823e+001
      vertex -5.504120e+000 9.716810e+000 -2.433201e+001
      vertex -4.250710e+000 8.189528e+000 -2.433201e+001
    endloop
  endfacet
  facet normal -3.657635e-001 -3.001748e-001 -8.809723e-001
    outer loop
      vertex -9.290035e+000 7.187139e+000 -2.189823e+001
      vertex -4.250710e+000 8.189528e+000 -2.433201e+001
      vertex -7.470366e+000 4.969868e+000 -2.189823e+001
    endloop
  endfacet
  facet normal -3.001744e-001 -3.657639e-001 -8.809723e-001
    outer loop
      vertex -7.470366e+000 4.969868e+000 -2.189823e+001
      vertex -4.250710e+000 8.189528e+000 -2.433201e+001
      vertex -2.723426e+000 6.936119e+000 -2.433201e+001
    endloop
  endfacet
  facet normal -3.001743e-001 -3.657641e-001 -8.809722e-001
    outer loop
      vertex -7.470366e+000 4.969868e+000 -2.189823e+001
      vertex -2.723426e+000 6.936119e+000 -2.433201e+001
      vertex -5.253092e+000 3.150202e+000 -2.189823e+001
    endloop
  endfacet
  facet normal -2.230494e-001 -4.172972e-001 -8.809722e-001
    outer loop
      vertex -5.253092e+000 3.150202e+000 -2.189823e+001
      vertex -2.723426e+000 6.936119e+000 -2.433201e+001
      vertex -9.809604e-001 6.004754e+000 -2.433201e+001
    endloop
  endfacet
  facet normal -2.230496e-001 -4.172969e-001 -8.809723e-001
    outer loop
      vertex -5.253092e+000 3.150202e+000 -2.189823e+001
      vertex -9.809604e-001 6.004754e+000 -2.433201e+001
      vertex -2.723423e+000 1.798067e+000 -2.189823e+001
    endloop
  endfacet
  facet normal -1.373530e-001 -4.527936e-001 -8.809723e-001
    outer loop
      vertex -2.723423e+000 1.798067e+000 -2.189823e+001
      vertex -9.809604e-001 6.004754e+000 -2.433201e+001
      vertex 9.097245e-001 5.431223e+000 -2.433201e+001
    endloop
  endfacet
  facet normal -1.373529e-001 -4.527937e-001 -8.809723e-001
    outer loop
      vertex -2.723423e+000 1.798067e+000 -2.189823e+001
      vertex 9.097245e-001 5.431223e+000 -2.433201e+001
      vertex 2.142715e-002 9.654293e-001 -2.189823e+001
    endloop
  endfacet
  facet normal -4.637820e-002 -4.708896e-001 -8.809723e-001
    outer loop
      vertex 2.142715e-002 9.654293e-001 -2.189823e+001
      vertex 9.097245e-001 5.431223e+000 -2.433201e+001
      vertex 2.875971e+000 5.237566e+000 -2.433201e+001
    endloop
  endfacet
  facet normal -4.637818e-002 -4.708896e-001 -8.809722e-001
    outer loop
      vertex 2.142715e-002 9.654293e-001 -2.189823e+001
      vertex 2.875971e+000 5.237566e+000 -2.433201e+001
      vertex 2.875975e+000 6.842833e-001 -2.189823e+001
    endloop
  endfacet
  facet normal 4.637914e-002 -4.708895e-001 -8.809722e-001
    outer loop
      vertex 2.875975e+000 6.842833e-001 -2.189823e+001
      vertex 2.875971e+000 5.237566e+000 -2.433201e+001
      vertex 4.842217e+000 5.431227e+000 -2.433201e+001
    endloop
  endfacet
  facet normal 4.637912e-002 -4.708895e-001 -8.809723e-001
    outer loop
      vertex 2.875975e+000 6.842833e-001 -2.189823e+001
      vertex 4.842217e+000 5.431227e+000 -2.433201e+001
      vertex 5.730523e+000 9.654350e-001 -2.189823e+001
    endloop
  endfacet
  facet normal 1.373540e-001 -4.527934e-001 -8.809722e-001
    outer loop
      vertex 5.730523e+000 9.654350e-001 -2.189823e+001
      vertex 4.842217e+000 5.431227e+000 -2.433201e+001
      vertex 6.732901e+000 6.004762e+000 -2.433201e+001
    endloop
  endfacet
  facet normal 1.373538e-001 -4.527934e-001 -8.809723e-001
    outer loop
      vertex 5.730523e+000 9.654350e-001 -2.189823e+001
      vertex 6.732901e+000 6.004762e+000 -2.433201e+001
      vertex 8.475372e+000 1.798079e+000 -2.189823e+001
    endloop
  endfacet
  facet normal 2.230503e-001 -4.172966e-001 -8.809723e-001
    outer loop
      vertex 8.475372e+000 1.798079e+000 -2.189823e+001
      vertex 6.732901e+000 6.004762e+000 -2.433201e+001
      vertex 8.475365e+000 6.936131e+000 -2.433201e+001
    endloop
  endfacet
  facet normal 2.230503e-001 -4.172966e-001 -8.809723e-001
    outer loop
      vertex 8.475372e+000 1.798079e+000 -2.189823e+001
      vertex 8.475365e+000 6.936131e+000 -2.433201e+001
      vertex 1.100504e+001 3.150217e+000 -2.189823e+001
    endloop
  endfacet
  facet normal 3.001750e-001 -3.657634e-001 -8.809723e-001
    outer loop
      vertex 1.100504e+001 3.150217e+000 -2.189823e+001
      vertex 8.475365e+000 6.936131e+000 -2.433201e+001
      vertex 1.000265e+001 8.189541e+000 -2.433201e+001
    endloop
  endfacet
  facet normal 3.001751e-001 -3.657634e-001 -8.809722e-001
    outer loop
      vertex 1.100504e+001 3.150217e+000 -2.189823e+001
      vertex 1.000265e+001 8.189541e+000 -2.433201e+001
      vertex 1.322231e+001 4.969888e+000 -2.189823e+001
    endloop
  endfacet
  facet normal 3.657642e-001 -3.001741e-001 -8.809722e-001
    outer loop
      vertex 1.322231e+001 4.969888e+000 -2.189823e+001
      vertex 1.000265e+001 8.189541e+000 -2.433201e+001
      vertex 1.125605e+001 9.716825e+000 -2.433201e+001
    endloop
  endfacet
  facet normal 3.657641e-001 -3.001741e-001 -8.809723e-001
    outer loop
      vertex 1.322231e+001 4.969888e+000 -2.189823e+001
      vertex 1.125605e+001 9.716825e+000 -2.433201e+001
      vertex 1.504197e+001 7.187162e+000 -2.189823e+001
    endloop
  endfacet
  facet normal 4.172972e-001 -2.230493e-001 -8.809723e-001
    outer loop
      vertex 1.504197e+001 7.187162e+000 -2.189823e+001
      vertex 1.125605e+001 9.716825e+000 -2.433201e+001
      vertex 1.218742e+001 1.145929e+001 -2.433201e+001
    endloop
  endfacet
  facet normal 4.172974e-001 -2.230491e-001 -8.809722e-001
    outer loop
      vertex 1.504197e+001 7.187162e+000 -2.189823e+001
      vertex 1.218742e+001 1.145929e+001 -2.433201e+001
      vertex 1.639410e+001 9.716833e+000 -2.189823e+001
    endloop
  endfacet
  facet normal 4.527939e-001 -1.373526e-001 -8.809721e-001
    outer loop
      vertex 1.639410e+001 9.716833e+000 -2.189823e+001
      vertex 1.218742e+001 1.145929e+001 -2.433201e+001
      vertex 1.276095e+001 1.334998e+001 -2.433201e+001
    endloop
  endfacet
  facet normal 4.527937e-001 -1.373529e-001 -8.809723e-001
    outer loop
      vertex 1.639410e+001 9.716833e+000 -2.189823e+001
      vertex 1.276095e+001 1.334998e+001 -2.433201e+001
      vertex 1.722674e+001 1.246168e+001 -2.189823e+001
    endloop
  endfacet
  facet normal 4.708895e-001 -4.637801e-002 -8.809723e-001
    outer loop
      vertex 1.722674e+001 1.246168e+001 -2.189823e+001
      vertex 1.276095e+001 1.334998e+001 -2.433201e+001
      vertex 1.295460e+001 1.531622e+001 -2.433201e+001
    endloop
  endfacet
  facet normal 4.708897e-001 -4.637771e-002 -8.809722e-001
    outer loop
      vertex 1.722674e+001 1.246168e+001 -2.189823e+001
      vertex 1.295460e+001 1.531622e+001 -2.433201e+001
      vertex 1.750788e+001 1.531623e+001 -2.189823e+001
    endloop
  endfacet
  facet normal 4.708895e-001 4.637942e-002 -8.809722e-001
    outer loop
      vertex 1.750788e+001 1.531623e+001 -2.189823e+001
      vertex 1.295460e+001 1.531622e+001 -2.433201e+001
      vertex 1.276094e+001 1.728247e+001 -2.433201e+001
    endloop
  endfacet
  facet normal 4.708894e-001 4.637897e-002 -8.809723e-001
    outer loop
      vertex 1.750788e+001 1.531623e+001 -2.189823e+001
      vertex 1.276094e+001 1.728247e+001 -2.433201e+001
      vertex 1.722673e+001 1.817078e+001 -2.189823e+001
    endloop
  endfacet
  facet normal 4.527932e-001 1.373542e-001 -8.809723e-001
    outer loop
      vertex 1.722673e+001 1.817078e+001 -2.189823e+001
      vertex 1.276094e+001 1.728247e+001 -2.433201e+001
      vertex 1.218741e+001 1.917315e+001 -2.433201e+001
    endloop
  endfacet
  facet normal 4.527932e-001 1.373544e-001 -8.809723e-001
    outer loop
      vertex 1.722673e+001 1.817078e+001 -2.189823e+001
      vertex 1.218741e+001 1.917315e+001 -2.433201e+001
      vertex 1.639409e+001 2.091563e+001 -2.189823e+001
    endloop
  endfacet
  facet normal 4.172966e-001 2.230505e-001 -8.809722e-001
    outer loop
      vertex 1.639409e+001 2.091563e+001 -2.189823e+001
      vertex 1.218741e+001 1.917315e+001 -2.433201e+001
      vertex 1.125604e+001 2.091562e+001 -2.433201e+001
    endloop
  endfacet
  facet normal 4.172966e-001 2.230504e-001 -8.809723e-001
    outer loop
      vertex 1.639409e+001 2.091563e+001 -2.189823e+001
      vertex 1.125604e+001 2.091562e+001 -2.433201e+001
      vertex 1.504195e+001 2.344529e+001 -2.189823e+001
    endloop
  endfacet
  facet normal 3.657631e-001 3.001754e-001 -8.809723e-001
    outer loop
      vertex 1.504195e+001 2.344529e+001 -2.189823e+001
      vertex 1.125604e+001 2.091562e+001 -2.433201e+001
      vertex 1.000262e+001 2.244290e+001 -2.433201e+001
    endloop
  endfacet
  facet normal 3.657630e-001 3.001756e-001 -8.809722e-001
    outer loop
      vertex 1.504195e+001 2.344529e+001 -2.189823e+001
      vertex 1.000262e+001 2.244290e+001 -2.433201e+001
      vertex 1.322227e+001 2.566256e+001 -2.189823e+001
    endloop
  endfacet
  facet normal 3.001741e-001 3.657644e-001 -8.809721e-001
    outer loop
      vertex 1.322227e+001 2.566256e+001 -2.189823e+001
      vertex 1.000262e+001 2.244290e+001 -2.433201e+001
      vertex 8.475338e+000 2.369630e+001 -2.433201e+001
    endloop
  endfacet
  facet normal 3.001741e-001 3.657644e-001 -8.809721e-001
    outer loop
      vertex 1.322227e+001 2.566256e+001 -2.189823e+001
      vertex 8.475338e+000 2.369630e+001 -2.433201e+001
      vertex 1.100500e+001 2.748222e+001 -2.189823e+001
    endloop
  endfacet
  facet normal 2.230488e-001 4.172976e-001 -8.809721e-001
    outer loop
      vertex 1.100500e+001 2.748222e+001 -2.189823e+001
      vertex 8.475338e+000 2.369630e+001 -2.433201e+001
      vertex 6.732871e+000 2.462767e+001 -2.433201e+001
    endloop
  endfacet
  facet normal 2.230490e-001 4.172973e-001 -8.809722e-001
    outer loop
      vertex 1.100500e+001 2.748222e+001 -2.189823e+001
      vertex 6.732871e+000 2.462767e+001 -2.433201e+001
      vertex 8.475328e+000 2.883435e+001 -2.189823e+001
    endloop
  endfacet
  facet normal 1.373523e-001 4.527938e-001 -8.809722e-001
    outer loop
      vertex 8.475328e+000 2.883435e+001 -2.189823e+001
      vertex 6.732871e+000 2.462767e+001 -2.433201e+001
      vertex 4.842185e+000 2.520119e+001 -2.433201e+001
    endloop
  endfacet
  facet normal 1.373525e-001 4.527937e-001 -8.809723e-001
    outer loop
      vertex 8.475328e+000 2.883435e+001 -2.189823e+001
      vertex 4.842185e+000 2.520119e+001 -2.433201e+001
      vertex 5.730477e+000 2.966699e+001 -2.189823e+001
    endloop
  endfacet
  facet normal 4.637824e-002 4.708894e-001 -8.809723e-001
    outer loop
      vertex 5.730477e+000 2.966699e+001 -2.189823e+001
      vertex 4.842185e+000 2.520119e+001 -2.433201e+001
      vertex 2.875961e+000 2.539485e+001 -2.433201e+001
    endloop
  endfacet
  facet normal 4.637791e-002 4.708896e-001 -8.809722e-001
    outer loop
      vertex 5.730477e+000 2.966699e+001 -2.189823e+001
      vertex 2.875961e+000 2.539485e+001 -2.433201e+001
      vertex 2.875961e+000 2.994813e+001 -2.189823e+001
    endloop
  endfacet
  facet normal -2.857895e-002 2.901658e-001 -9.565496e-001
    outer loop
      vertex 2.875961e+000 2.539485e+001 -2.433201e+001
      vertex 2.875961e+000 2.045425e+001 -2.583072e+001
      vertex 1.873579e+000 2.035552e+001 -2.583072e+001
    endloop
  endfacet
  facet normal -2.857892e-002 2.901658e-001 -9.565496e-001
    outer loop
      vertex 2.875961e+000 2.539485e+001 -2.433201e+001
      vertex 1.873579e+000 2.035552e+001 -2.583072e+001
      vertex 9.097158e-001 2.520119e+001 -2.433201e+001
    endloop
  endfacet
  facet normal -8.463794e-002 2.790149e-001 -9.565496e-001
    outer loop
      vertex 9.097158e-001 2.520119e+001 -2.433201e+001
      vertex 1.873579e+000 2.035552e+001 -2.583072e+001
      vertex 9.097176e-001 2.006314e+001 -2.583072e+001
    endloop
  endfacet
  facet normal -8.463820e-002 2.790149e-001 -9.565495e-001
    outer loop
      vertex 9.097158e-001 2.520119e+001 -2.433201e+001
      vertex 9.097176e-001 2.006314e+001 -2.583072e+001
      vertex -9.809675e-001 2.462766e+001 -2.433201e+001
    endloop
  endfacet
  facet normal -1.374450e-001 2.571416e-001 -9.565496e-001
    outer loop
      vertex -9.809675e-001 2.462766e+001 -2.433201e+001
      vertex 9.097176e-001 2.006314e+001 -2.583072e+001
      vertex 2.141786e-002 1.958834e+001 -2.583072e+001
    endloop
  endfacet
  facet normal -1.374450e-001 2.571416e-001 -9.565496e-001
    outer loop
      vertex -9.809675e-001 2.462766e+001 -2.433201e+001
      vertex 2.141786e-002 1.958834e+001 -2.583072e+001
      vertex -2.723432e+000 2.369629e+001 -2.433201e+001
    endloop
  endfacet
  facet normal -1.849701e-001 2.253864e-001 -9.565496e-001
    outer loop
      vertex -2.723432e+000 2.369629e+001 -2.433201e+001
      vertex 2.141786e-002 1.958834e+001 -2.583072e+001
      vertex -7.571836e-001 1.894935e+001 -2.583072e+001
    endloop
  endfacet
  facet normal -1.849698e-001 2.253865e-001 -9.565496e-001
    outer loop
      vertex -2.723432e+000 2.369629e+001 -2.433201e+001
      vertex -7.571836e-001 1.894935e+001 -2.583072e+001
      vertex -4.250715e+000 2.244288e+001 -2.433201e+001
    endloop
  endfacet
  facet normal -2.253864e-001 1.849699e-001 -9.565496e-001
    outer loop
      vertex -4.250715e+000 2.244288e+001 -2.433201e+001
      vertex -7.571836e-001 1.894935e+001 -2.583072e+001
      vertex -1.396165e+000 1.817075e+001 -2.583072e+001
    endloop
  endfacet
  facet normal -2.253866e-001 1.849698e-001 -9.565495e-001
    outer loop
      vertex -4.250715e+000 2.244288e+001 -2.433201e+001
      vertex -1.396165e+000 1.817075e+001 -2.583072e+001
      vertex -5.504124e+000 2.091560e+001 -2.433201e+001
    endloop
  endfacet
  facet normal -2.571416e-001 1.374451e-001 -9.565495e-001
    outer loop
      vertex -5.504124e+000 2.091560e+001 -2.433201e+001
      vertex -1.396165e+000 1.817075e+001 -2.583072e+001
      vertex -1.870972e+000 1.728245e+001 -2.583072e+001
    endloop
  endfacet
  facet normal -2.571416e-001 1.374451e-001 -9.565496e-001
    outer loop
      vertex -5.504124e+000 2.091560e+001 -2.433201e+001
      vertex -1.870972e+000 1.728245e+001 -2.583072e+001
      vertex -6.435491e+000 1.917314e+001 -2.433201e+001
    endloop
  endfacet
  facet normal -2.790149e-001 8.463811e-002 -9.565496e-001
    outer loop
      vertex -6.435491e+000 1.917314e+001 -2.433201e+001
      vertex -1.870972e+000 1.728245e+001 -2.583072e+001
      vertex -2.163356e+000 1.631859e+001 -2.583072e+001
    endloop
  endfacet
  facet normal -2.790149e-001 8.463815e-002 -9.565496e-001
    outer loop
      vertex -6.435491e+000 1.917314e+001 -2.433201e+001
      vertex -2.163356e+000 1.631859e+001 -2.583072e+001
      vertex -7.009023e+000 1.728245e+001 -2.433201e+001
    endloop
  endfacet
  facet normal -2.901658e-001 2.857878e-002 -9.565495e-001
    outer loop
      vertex -7.009023e+000 1.728245e+001 -2.433201e+001
      vertex -2.163356e+000 1.631859e+001 -2.583072e+001
      vertex -2.262082e+000 1.531621e+001 -2.583072e+001
    endloop
  endfacet
  facet normal -2.901658e-001 2.857876e-002 -9.565496e-001
    outer loop
      vertex -7.009023e+000 1.728245e+001 -2.433201e+001
      vertex -2.262082e+000 1.531621e+001 -2.583072e+001
      vertex -7.202681e+000 1.531621e+001 -2.433201e+001
    endloop
  endfacet
  facet normal -2.901658e-001 -2.857905e-002 -9.565495e-001
    outer loop
      vertex -7.202681e+000 1.531621e+001 -2.433201e+001
      vertex -2.262082e+000 1.531621e+001 -2.583072e+001
      vertex -2.163355e+000 1.431382e+001 -2.583072e+001
    endloop
  endfacet
  facet normal -2.901658e-001 -2.857890e-002 -9.565496e-001
    outer loop
      vertex -7.202681e+000 1.531621e+001 -2.433201e+001
      vertex -2.163355e+000 1.431382e+001 -2.583072e+001
      vertex -7.009022e+000 1.334996e+001 -2.433201e+001
    endloop
  endfacet
  facet normal -2.790148e-001 -8.463835e-002 -9.565496e-001
    outer loop
      vertex -7.009022e+000 1.334996e+001 -2.433201e+001
      vertex -2.163355e+000 1.431382e+001 -2.583072e+001
      vertex -1.870970e+000 1.334996e+001 -2.583072e+001
    endloop
  endfacet
  facet normal -2.790148e-001 -8.463841e-002 -9.565496e-001
    outer loop
      vertex -7.009022e+000 1.334996e+001 -2.433201e+001
      vertex -1.870970e+000 1.334996e+001 -2.583072e+001
      vertex -6.435488e+000 1.145927e+001 -2.433201e+001
    endloop
  endfacet
  facet normal -2.571415e-001 -1.374450e-001 -9.565496e-001
    outer loop
      vertex -6.435488e+000 1.145927e+001 -2.433201e+001
      vertex -1.870970e+000 1.334996e+001 -2.583072e+001
      vertex -1.396163e+000 1.246166e+001 -2.583072e+001
    endloop
  endfacet
  facet normal -2.571415e-001 -1.374452e-001 -9.565495e-001
    outer loop
      vertex -6.435488e+000 1.145927e+001 -2.433201e+001
      vertex -1.396163e+000 1.246166e+001 -2.583072e+001
      vertex -5.504120e+000 9.716810e+000 -2.433201e+001
    endloop
  endfacet
  facet normal -2.253864e-001 -1.849701e-001 -9.565495e-001
    outer loop
      vertex -5.504120e+000 9.716810e+000 -2.433201e+001
      vertex -1.396163e+000 1.246166e+001 -2.583072e+001
      vertex -7.571814e-001 1.168306e+001 -2.583072e+001
    endloop
  endfacet
  facet normal -2.253864e-001 -1.849700e-001 -9.565496e-001
    outer loop
      vertex -5.504120e+000 9.716810e+000 -2.433201e+001
      vertex -7.571814e-001 1.168306e+001 -2.583072e+001
      vertex -4.250710e+000 8.189528e+000 -2.433201e+001
    endloop
  endfacet
  facet normal -1.849698e-001 -2.253865e-001 -9.565496e-001
    outer loop
      vertex -4.250710e+000 8.189528e+000 -2.433201e+001
      vertex -7.571814e-001 1.168306e+001 -2.583072e+001
      vertex 2.142072e-002 1.104408e+001 -2.583072e+001
    endloop
  endfacet
  facet normal -1.849698e-001 -2.253866e-001 -9.565495e-001
    outer loop
      vertex -4.250710e+000 8.189528e+000 -2.433201e+001
      vertex 2.142072e-002 1.104408e+001 -2.583072e+001
      vertex -2.723426e+000 6.936119e+000 -2.433201e+001
    endloop
  endfacet
  facet normal -1.374450e-001 -2.571417e-001 -9.565495e-001
    outer loop
      vertex -2.723426e+000 6.936119e+000 -2.433201e+001
      vertex 2.142072e-002 1.104408e+001 -2.583072e+001
      vertex 9.097213e-001 1.056927e+001 -2.583072e+001
    endloop
  endfacet
  facet normal -1.374448e-001 -2.571418e-001 -9.565495e-001
    outer loop
      vertex -2.723426e+000 6.936119e+000 -2.433201e+001
      vertex 9.097213e-001 1.056927e+001 -2.583072e+001
      vertex -9.809604e-001 6.004754e+000 -2.433201e+001
    endloop
  endfacet
  facet normal -8.463799e-002 -2.790151e-001 -9.565495e-001
    outer loop
      vertex -9.809604e-001 6.004754e+000 -2.433201e+001
      vertex 9.097213e-001 1.056927e+001 -2.583072e+001
      vertex 1.873583e+000 1.027689e+001 -2.583072e+001
    endloop
  endfacet
  facet normal -8.463801e-002 -2.790150e-001 -9.565495e-001
    outer loop
      vertex -9.809604e-001 6.004754e+000 -2.433201e+001
      vertex 1.873583e+000 1.027689e+001 -2.583072e+001
      vertex 9.097245e-001 5.431223e+000 -2.433201e+001
    endloop
  endfacet
  facet normal -2.857840e-002 -2.901659e-001 -9.565495e-001
    outer loop
      vertex 9.097245e-001 5.431223e+000 -2.433201e+001
      vertex 1.873583e+000 1.027689e+001 -2.583072e+001
      vertex 2.875966e+000 1.017817e+001 -2.583072e+001
    endloop
  endfacet
  facet normal -2.857862e-002 -2.901658e-001 -9.565496e-001
    outer loop
      vertex 9.097245e-001 5.431223e+000 -2.433201e+001
      vertex 2.875966e+000 1.017817e+001 -2.583072e+001
      vertex 2.875971e+000 5.237566e+000 -2.433201e+001
    endloop
  endfacet
  facet normal 2.857894e-002 -2.901658e-001 -9.565496e-001
    outer loop
      vertex 2.875971e+000 5.237566e+000 -2.433201e+001
      vertex 2.875966e+000 1.017817e+001 -2.583072e+001
      vertex 3.878349e+000 1.027689e+001 -2.583072e+001
    endloop
  endfacet
  facet normal 2.857919e-002 -2.901658e-001 -9.565495e-001
    outer loop
      vertex 2.875971e+000 5.237566e+000 -2.433201e+001
      vertex 3.878349e+000 1.027689e+001 -2.583072e+001
      vertex 4.842217e+000 5.431227e+000 -2.433201e+001
    endloop
  endfacet
  facet normal 8.463842e-002 -2.790149e-001 -9.565496e-001
    outer loop
      vertex 4.842217e+000 5.431227e+000 -2.433201e+001
      vertex 3.878349e+000 1.027689e+001 -2.583072e+001
      vertex 4.842211e+000 1.056928e+001 -2.583072e+001
    endloop
  endfacet
  facet normal 8.463858e-002 -2.790149e-001 -9.565495e-001
    outer loop
      vertex 4.842217e+000 5.431227e+000 -2.433201e+001
      vertex 4.842211e+000 1.056928e+001 -2.583072e+001
      vertex 6.732901e+000 6.004762e+000 -2.433201e+001
    endloop
  endfacet
  facet normal 1.374455e-001 -2.571414e-001 -9.565495e-001
    outer loop
      vertex 6.732901e+000 6.004762e+000 -2.433201e+001
      vertex 4.842211e+000 1.056928e+001 -2.583072e+001
      vertex 5.730510e+000 1.104408e+001 -2.583072e+001
    endloop
  endfacet
  facet normal 1.374453e-001 -2.571414e-001 -9.565495e-001
    outer loop
      vertex 6.732901e+000 6.004762e+000 -2.433201e+001
      vertex 5.730510e+000 1.104408e+001 -2.583072e+001
      vertex 8.475365e+000 6.936131e+000 -2.433201e+001
    endloop
  endfacet
  facet normal 1.849702e-001 -2.253862e-001 -9.565496e-001
    outer loop
      vertex 8.475365e+000 6.936131e+000 -2.433201e+001
      vertex 5.730510e+000 1.104408e+001 -2.583072e+001
      vertex 6.509111e+000 1.168307e+001 -2.583072e+001
    endloop
  endfacet
  facet normal 1.849701e-001 -2.253863e-001 -9.565496e-001
    outer loop
      vertex 8.475365e+000 6.936131e+000 -2.433201e+001
      vertex 6.509111e+000 1.168307e+001 -2.583072e+001
      vertex 1.000265e+001 8.189541e+000 -2.433201e+001
    endloop
  endfacet
  facet normal 2.253868e-001 -1.849697e-001 -9.565495e-001
    outer loop
      vertex 1.000265e+001 8.189541e+000 -2.433201e+001
      vertex 6.509111e+000 1.168307e+001 -2.583072e+001
      vertex 7.148092e+000 1.246167e+001 -2.583072e+001
    endloop
  endfacet
  facet normal 2.253868e-001 -1.849696e-001 -9.565496e-001
    outer loop
      vertex 1.000265e+001 8.189541e+000 -2.433201e+001
      vertex 7.148092e+000 1.246167e+001 -2.583072e+001
      vertex 1.125605e+001 9.716825e+000 -2.433201e+001
    endloop
  endfacet
  facet normal 2.571418e-001 -1.374448e-001 -9.565495e-001
    outer loop
      vertex 1.125605e+001 9.716825e+000 -2.433201e+001
      vertex 7.148092e+000 1.246167e+001 -2.583072e+001
      vertex 7.622897e+000 1.334997e+001 -2.583072e+001
    endloop
  endfacet
  facet normal 2.571418e-001 -1.374447e-001 -9.565495e-001
    outer loop
      vertex 1.125605e+001 9.716825e+000 -2.433201e+001
      vertex 7.622897e+000 1.334997e+001 -2.583072e+001
      vertex 1.218742e+001 1.145929e+001 -2.433201e+001
    endloop
  endfacet
  facet normal 2.790152e-001 -8.463770e-002 -9.565495e-001
    outer loop
      vertex 1.218742e+001 1.145929e+001 -2.433201e+001
      vertex 7.622897e+000 1.334997e+001 -2.583072e+001
      vertex 7.915279e+000 1.431383e+001 -2.583072e+001
    endloop
  endfacet
  facet normal 2.790150e-001 -8.463772e-002 -9.565496e-001
    outer loop
      vertex 1.218742e+001 1.145929e+001 -2.433201e+001
      vertex 7.915279e+000 1.431383e+001 -2.583072e+001
      vertex 1.276095e+001 1.334998e+001 -2.433201e+001
    endloop
  endfacet
  facet normal 2.901658e-001 -2.857838e-002 -9.565496e-001
    outer loop
      vertex 1.276095e+001 1.334998e+001 -2.433201e+001
      vertex 7.915279e+000 1.431383e+001 -2.583072e+001
      vertex 8.014004e+000 1.531622e+001 -2.583072e+001
    endloop
  endfacet
  facet normal 2.901658e-001 -2.857848e-002 -9.565496e-001
    outer loop
      vertex 1.276095e+001 1.334998e+001 -2.433201e+001
      vertex 8.014004e+000 1.531622e+001 -2.583072e+001
      vertex 1.295460e+001 1.531622e+001 -2.433201e+001
    endloop
  endfacet
  facet normal 2.901657e-001 2.857920e-002 -9.565496e-001
    outer loop
      vertex 1.295460e+001 1.531622e+001 -2.433201e+001
      vertex 8.014004e+000 1.531622e+001 -2.583072e+001
      vertex 7.915277e+000 1.631860e+001 -2.583072e+001
    endloop
  endfacet
  facet normal 2.901658e-001 2.857932e-002 -9.565496e-001
    outer loop
      vertex 1.295460e+001 1.531622e+001 -2.433201e+001
      vertex 7.915277e+000 1.631860e+001 -2.583072e+001
      vertex 1.276094e+001 1.728247e+001 -2.433201e+001
    endloop
  endfacet
  facet normal 2.790147e-001 8.463885e-002 -9.565496e-001
    outer loop
      vertex 1.276094e+001 1.728247e+001 -2.433201e+001
      vertex 7.915277e+000 1.631860e+001 -2.583072e+001
      vertex 7.622890e+000 1.728246e+001 -2.583072e+001
    endloop
  endfacet
  facet normal 2.790147e-001 8.463874e-002 -9.565496e-001
    outer loop
      vertex 1.276094e+001 1.728247e+001 -2.433201e+001
      vertex 7.622890e+000 1.728246e+001 -2.583072e+001
      vertex 1.218741e+001 1.917315e+001 -2.433201e+001
    endloop
  endfacet
  facet normal 2.571414e-001 1.374454e-001 -9.565496e-001
    outer loop
      vertex 1.218741e+001 1.917315e+001 -2.433201e+001
      vertex 7.622890e+000 1.728246e+001 -2.583072e+001
      vertex 7.148083e+000 1.817076e+001 -2.583072e+001
    endloop
  endfacet
  facet normal 2.571414e-001 1.374454e-001 -9.565496e-001
    outer loop
      vertex 1.218741e+001 1.917315e+001 -2.433201e+001
      vertex 7.148083e+000 1.817076e+001 -2.583072e+001
      vertex 1.125604e+001 2.091562e+001 -2.433201e+001
    endloop
  endfacet
  facet normal 2.253861e-001 1.849703e-001 -9.565496e-001
    outer loop
      vertex 1.125604e+001 2.091562e+001 -2.433201e+001
      vertex 7.148083e+000 1.817076e+001 -2.583072e+001
      vertex 6.509099e+000 1.894936e+001 -2.583072e+001
    endloop
  endfacet
  facet normal 2.253861e-001 1.849704e-001 -9.565496e-001
    outer loop
      vertex 1.125604e+001 2.091562e+001 -2.433201e+001
      vertex 6.509099e+000 1.894936e+001 -2.583072e+001
      vertex 1.000262e+001 2.244290e+001 -2.433201e+001
    endloop
  endfacet
  facet normal 1.849695e-001 2.253868e-001 -9.565496e-001
    outer loop
      vertex 1.000262e+001 2.244290e+001 -2.433201e+001
      vertex 6.509099e+000 1.894936e+001 -2.583072e+001
      vertex 5.730496e+000 1.958834e+001 -2.583072e+001
    endloop
  endfacet
  facet normal 1.849695e-001 2.253868e-001 -9.565496e-001
    outer loop
      vertex 1.000262e+001 2.244290e+001 -2.433201e+001
      vertex 5.730496e+000 1.958834e+001 -2.583072e+001
      vertex 8.475338e+000 2.369630e+001 -2.433201e+001
    endloop
  endfacet
  facet normal 1.374444e-001 2.571419e-001 -9.565496e-001
    outer loop
      vertex 8.475338e+000 2.369630e+001 -2.433201e+001
      vertex 5.730496e+000 1.958834e+001 -2.583072e+001
      vertex 4.842196e+000 2.006314e+001 -2.583072e+001
    endloop
  endfacet
  facet normal 1.374444e-001 2.571420e-001 -9.565495e-001
    outer loop
      vertex 8.475338e+000 2.369630e+001 -2.433201e+001
      vertex 4.842196e+000 2.006314e+001 -2.583072e+001
      vertex 6.732871e+000 2.462767e+001 -2.433201e+001
    endloop
  endfacet
  facet normal 8.463743e-002 2.790152e-001 -9.565496e-001
    outer loop
      vertex 6.732871e+000 2.462767e+001 -2.433201e+001
      vertex 4.842196e+000 2.006314e+001 -2.583072e+001
      vertex 3.878333e+000 2.035553e+001 -2.583072e+001
    endloop
  endfacet
  facet normal 8.463757e-002 2.790151e-001 -9.565496e-001
    outer loop
      vertex 6.732871e+000 2.462767e+001 -2.433201e+001
      vertex 3.878333e+000 2.035553e+001 -2.583072e+001
      vertex 4.842185e+000 2.520119e+001 -2.433201e+001
    endloop
  endfacet
  facet normal 2.857870e-002 2.901658e-001 -9.565496e-001
    outer loop
      vertex 4.842185e+000 2.520119e+001 -2.433201e+001
      vertex 3.878333e+000 2.035553e+001 -2.583072e+001
      vertex 2.875961e+000 2.045425e+001 -2.583072e+001
    endloop
  endfacet
  facet normal 2.857866e-002 2.901658e-001 -9.565496e-001
    outer loop
      vertex 4.842185e+000 2.520119e+001 -2.433201e+001
      vertex 2.875961e+000 2.045425e+001 -2.583072e+001
      vertex 2.875961e+000 2.539485e+001 -2.433201e+001
    endloop
  endfacet
  facet normal -9.653398e-003 9.801239e-002 -9.951383e-001
    outer loop
      vertex 2.875961e+000 1.531621e+001 -2.633677e+001
      vertex 1.873579e+000 2.035552e+001 -2.583072e+001
      vertex 2.875961e+000 2.045425e+001 -2.583072e+001
    endloop
  endfacet
  facet normal -2.858908e-002 9.424585e-002 -9.951383e-001
    outer loop
      vertex 2.875961e+000 1.531621e+001 -2.633677e+001
      vertex 9.097176e-001 2.006314e+001 -2.583072e+001
      vertex 1.873579e+000 2.035552e+001 -2.583072e+001
    endloop
  endfacet
  facet normal -4.642623e-002 8.685743e-002 -9.951384e-001
    outer loop
      vertex 2.875961e+000 1.531621e+001 -2.633677e+001
      vertex 2.141786e-002 1.958834e+001 -2.583072e+001
      vertex 9.097176e-001 2.006314e+001 -2.583072e+001
    endloop
  endfacet
  facet normal -6.247935e-002 7.613114e-002 -9.951383e-001
    outer loop
      vertex 2.875961e+000 1.531621e+001 -2.633677e+001
      vertex -7.571836e-001 1.894935e+001 -2.583072e+001
      vertex 2.141786e-002 1.958834e+001 -2.583072e+001
    endloop
  endfacet
  facet normal -7.613116e-002 6.247932e-002 -9.951383e-001
    outer loop
      vertex 2.875961e+000 1.531621e+001 -2.633677e+001
      vertex -1.396165e+000 1.817075e+001 -2.583072e+001
      vertex -7.571836e-001 1.894935e+001 -2.583072e+001
    endloop
  endfacet
  facet normal -8.685742e-002 4.642626e-002 -9.951384e-001
    outer loop
      vertex 2.875961e+000 1.531621e+001 -2.633677e+001
      vertex -1.870972e+000 1.728245e+001 -2.583072e+001
      vertex -1.396165e+000 1.817075e+001 -2.583072e+001
    endloop
  endfacet
  facet normal -9.424584e-002 2.858911e-002 -9.951383e-001
    outer loop
      vertex 2.875961e+000 1.531621e+001 -2.633677e+001
      vertex -2.163356e+000 1.631859e+001 -2.583072e+001
      vertex -1.870972e+000 1.728245e+001 -2.583072e+001
    endloop
  endfacet
  facet normal -9.801238e-002 9.653350e-003 -9.951383e-001
    outer loop
      vertex 2.875961e+000 1.531621e+001 -2.633677e+001
      vertex -2.262082e+000 1.531621e+001 -2.583072e+001
      vertex -2.163356e+000 1.631859e+001 -2.583072e+001
    endloop
  endfacet
  facet normal -9.801237e-002 -9.653442e-003 -9.951383e-001
    outer loop
      vertex 2.875961e+000 1.531621e+001 -2.633677e+001
      vertex -2.163355e+000 1.431382e+001 -2.583072e+001
      vertex -2.262082e+000 1.531621e+001 -2.583072e+001
    endloop
  endfacet
  facet normal -9.424582e-002 -2.858921e-002 -9.951383e-001
    outer loop
      vertex 2.875961e+000 1.531621e+001 -2.633677e+001
      vertex -1.870970e+000 1.334996e+001 -2.583072e+001
      vertex -2.163355e+000 1.431382e+001 -2.583072e+001
    endloop
  endfacet
  facet normal -8.685745e-002 -4.642625e-002 -9.951383e-001
    outer loop
      vertex 2.875961e+000 1.531621e+001 -2.633677e+001
      vertex -1.396163e+000 1.246166e+001 -2.583072e+001
      vertex -1.870970e+000 1.334996e+001 -2.583072e+001
    endloop
  endfacet
  facet normal -7.613113e-002 -6.247932e-002 -9.951383e-001
    outer loop
      vertex 2.875961e+000 1.531621e+001 -2.633677e+001
      vertex -7.571814e-001 1.168306e+001 -2.583072e+001
      vertex -1.396163e+000 1.246166e+001 -2.583072e+001
    endloop
  endfacet
  facet normal -6.247922e-002 -7.613119e-002 -9.951383e-001
    outer loop
      vertex 2.875961e+000 1.531621e+001 -2.633677e+001
      vertex 2.142072e-002 1.104408e+001 -2.583072e+001
      vertex -7.571814e-001 1.168306e+001 -2.583072e+001
    endloop
  endfacet
  facet normal -4.642618e-002 -8.685745e-002 -9.951384e-001
    outer loop
      vertex 2.875961e+000 1.531621e+001 -2.633677e+001
      vertex 9.097213e-001 1.056927e+001 -2.583072e+001
      vertex 2.142072e-002 1.104408e+001 -2.583072e+001
    endloop
  endfacet
  facet normal -2.858905e-002 -9.424584e-002 -9.951383e-001
    outer loop
      vertex 2.875961e+000 1.531621e+001 -2.633677e+001
      vertex 1.873583e+000 1.027689e+001 -2.583072e+001
      vertex 9.097213e-001 1.056927e+001 -2.583072e+001
    endloop
  endfacet
  facet normal -9.653207e-003 -9.801240e-002 -9.951383e-001
    outer loop
      vertex 2.875961e+000 1.531621e+001 -2.633677e+001
      vertex 2.875966e+000 1.017817e+001 -2.583072e+001
      vertex 1.873583e+000 1.027689e+001 -2.583072e+001
    endloop
  endfacet
  facet normal 9.653391e-003 -9.801236e-002 -9.951383e-001
    outer loop
      vertex 2.875961e+000 1.531621e+001 -2.633677e+001
      vertex 3.878349e+000 1.027689e+001 -2.583072e+001
      vertex 2.875966e+000 1.017817e+001 -2.583072e+001
    endloop
  endfacet
  facet normal 2.858923e-002 -9.424578e-002 -9.951384e-001
    outer loop
      vertex 2.875961e+000 1.531621e+001 -2.633677e+001
      vertex 4.842211e+000 1.056928e+001 -2.583072e+001
      vertex 3.878349e+000 1.027689e+001 -2.583072e+001
    endloop
  endfacet
  facet normal 4.642638e-002 -8.685737e-002 -9.951383e-001
    outer loop
      vertex 2.875961e+000 1.531621e+001 -2.633677e+001
      vertex 5.730510e+000 1.104408e+001 -2.583072e+001
      vertex 4.842211e+000 1.056928e+001 -2.583072e+001
    endloop
  endfacet
  facet normal 6.247937e-002 -7.613110e-002 -9.951383e-001
    outer loop
      vertex 2.875961e+000 1.531621e+001 -2.633677e+001
      vertex 6.509111e+000 1.168307e+001 -2.583072e+001
      vertex 5.730510e+000 1.104408e+001 -2.583072e+001
    endloop
  endfacet
  facet normal 7.613125e-002 -6.247914e-002 -9.951383e-001
    outer loop
      vertex 2.875961e+000 1.531621e+001 -2.633677e+001
      vertex 7.148092e+000 1.246167e+001 -2.583072e+001
      vertex 6.509111e+000 1.168307e+001 -2.583072e+001
    endloop
  endfacet
  facet normal 8.685750e-002 -4.642615e-002 -9.951383e-001
    outer loop
      vertex 2.875961e+000 1.531621e+001 -2.633677e+001
      vertex 7.622897e+000 1.334997e+001 -2.583072e+001
      vertex 7.148092e+000 1.246167e+001 -2.583072e+001
    endloop
  endfacet
  facet normal 9.424588e-002 -2.858896e-002 -9.951383e-001
    outer loop
      vertex 2.875961e+000 1.531621e+001 -2.633677e+001
      vertex 7.915279e+000 1.431383e+001 -2.583072e+001
      vertex 7.622897e+000 1.334997e+001 -2.583072e+001
    endloop
  endfacet
  facet normal 9.801240e-002 -9.653205e-003 -9.951383e-001
    outer loop
      vertex 2.875961e+000 1.531621e+001 -2.633677e+001
      vertex 8.014004e+000 1.531622e+001 -2.583072e+001
      vertex 7.915279e+000 1.431383e+001 -2.583072e+001
    endloop
  endfacet
  facet normal 9.801237e-002 9.653479e-003 -9.951383e-001
    outer loop
      vertex 2.875961e+000 1.531621e+001 -2.633677e+001
      vertex 7.915277e+000 1.631860e+001 -2.583072e+001
      vertex 8.014004e+000 1.531622e+001 -2.583072e+001
    endloop
  endfacet
  facet normal 9.424574e-002 2.858938e-002 -9.951383e-001
    outer loop
      vertex 2.875961e+000 1.531621e+001 -2.633677e+001
      vertex 7.622890e+000 1.728246e+001 -2.583072e+001
      vertex 7.915277e+000 1.631860e+001 -2.583072e+001
    endloop
  endfacet
  facet normal 8.685739e-002 4.642636e-002 -9.951383e-001
    outer loop
      vertex 2.875961e+000 1.531621e+001 -2.633677e+001
      vertex 7.148083e+000 1.817076e+001 -2.583072e+001
      vertex 7.622890e+000 1.728246e+001 -2.583072e+001
    endloop
  endfacet
  facet normal 7.613105e-002 6.247943e-002 -9.951383e-001
    outer loop
      vertex 2.875961e+000 1.531621e+001 -2.633677e+001
      vertex 6.509099e+000 1.894936e+001 -2.583072e+001
      vertex 7.148083e+000 1.817076e+001 -2.583072e+001
    endloop
  endfacet
  facet normal 6.247915e-002 7.613127e-002 -9.951383e-001
    outer loop
      vertex 2.875961e+000 1.531621e+001 -2.633677e+001
      vertex 5.730496e+000 1.958834e+001 -2.583072e+001
      vertex 6.509099e+000 1.894936e+001 -2.583072e+001
    endloop
  endfacet
  facet normal 4.642604e-002 8.685754e-002 -9.951384e-001
    outer loop
      vertex 2.875961e+000 1.531621e+001 -2.633677e+001
      vertex 4.842196e+000 2.006314e+001 -2.583072e+001
      vertex 5.730496e+000 1.958834e+001 -2.583072e+001
    endloop
  endfacet
  facet normal 2.858887e-002 9.424591e-002 -9.951383e-001
    outer loop
      vertex 2.875961e+000 1.531621e+001 -2.633677e+001
      vertex 3.878333e+000 2.035553e+001 -2.583072e+001
      vertex 4.842196e+000 2.006314e+001 -2.583072e+001
    endloop
  endfacet
  facet normal 9.653313e-003 9.801238e-002 -9.951383e-001
    outer loop
      vertex 2.875961e+000 1.531621e+001 -2.633677e+001
      vertex 2.875961e+000 2.045425e+001 -2.583072e+001
      vertex 3.878333e+000 2.035553e+001 -2.583072e+001
    endloop
  endfacet
endsolid Sphere
